Date,ret
2019-08-12,0.0
2019-08-13,0.010173686354738198
2019-08-14,-0.021466695580737466
2019-08-15,0.00586546965369808
2019-08-16,0.010614883793780394
2019-08-19,0.010801778329279033
2019-08-20,-0.0034576482792292307
2019-08-21,0.010449008693754203
2019-08-22,0.0009322407119034259
2019-08-23,-0.02070358673324199
2019-08-26,0.011154306478188769
2019-08-27,-0.0020084018573625073
2019-08-28,0.003368454527511
2019-08-29,0.011631860288344675
2019-08-30,-0.0014154389205776885
2019-09-03,0.003931239709574236
2019-09-04,0.009051324882031753
2019-09-05,0.005118279444690288
2019-09-06,-0.00027929619173117093
2019-09-09,-0.004033188054782422
2019-09-10,-0.005611216269457764
2019-09-11,0.004976129630202636
2019-09-12,0.004585694195483048
2019-09-13,-0.006926997903403731
2019-09-16,-0.0010265698406246304
2019-09-17,0.00824684679919735
2019-09-18,0.00015044173842693187
2019-09-19,0.0018801177930690693
2019-09-20,-0.011019553379979757
2019-09-23,0.002584710326320183
2019-09-24,-0.002474747837996255
2019-09-25,0.004848981996897733
2019-09-26,0.002942346136750984
2019-09-27,-0.00674620862639258
2019-09-30,0.0052596533049550365
2019-10-01,-0.007160174751304732
2019-10-02,-0.014058345891748064
2019-10-03,0.007833687905626774
2019-10-04,0.011112987709976263
2019-10-07,-0.003554800924039453
2019-10-08,-0.010747013997226412
2019-10-09,0.007822287228944569
2019-10-10,0.00375238143442036
2019-10-11,0.004518441937003986
2019-10-14,-0.0014988325468538177
2019-10-15,0.00436229627530807
2019-10-16,-0.00046596998949718915
2019-10-17,0.0024521964826570153
2019-10-18,0.00035134668644207223
2019-10-21,0.006238704037255294
2019-10-22,-0.004646322979979883
2019-10-23,0.0026838621507853104
2019-10-24,0.0025531841103056674
2019-10-25,-0.006491203361415093
2019-10-28,-0.008728943498651442
2019-10-29,0.00018365623048538504
2019-10-30,0.006581868536744473
2019-10-31,0.002677996842945285
2019-11-01,-0.0010709226324661925
2019-11-04,-0.009133682771421403
2019-11-05,-0.010105886460579305
2019-11-06,0.003977514911434443
2019-11-07,-0.010800456975842948
2019-11-08,-0.0032661368073994
2019-11-11,-0.002046053591668595
2019-11-12,0.0004588106768792788
2019-11-13,0.009114385811642478
2019-11-14,0.004351667387754943
2019-11-15,0.0014864082160692127
2019-11-18,0.003924991757772778
2019-11-19,-0.00031727575299100863
2019-11-20,0.002335620286889384
2019-11-21,-0.006840728348474712
2019-11-22,-0.00223332895270395
2019-11-25,-0.0015490012727273073
2019-11-26,0.007549750171843783
2019-11-27,0.000493233874975546
2019-11-29,0.0002662060841569225
2019-12-02,-0.005780648633413515
2019-12-03,0.004713847276858002
2019-12-04,0.0045284149372945
2019-12-05,0.000888516544752721
2019-12-06,-0.002205244215665425
2019-12-09,-0.0004187854547005043
2019-12-10,-0.001878284549651832
2019-12-11,0.0008631374830568583
2019-12-12,-0.005175857052356098
2019-12-13,0.004213328285188889
2019-12-16,0.0059034292927016285
2019-12-17,-0.0023384075699007245
2019-12-18,0.004166456307900163
2019-12-19,0.004446698802716698
2019-12-20,-0.0009213671644520138
2019-12-23,-0.004125234955124707
2019-12-24,0.003356808441588921
2019-12-26,0.004142688808276951
2019-12-27,0.002677880205493921
2019-12-30,-0.0010113679795666075
2019-12-31,0.0034403763612654847
2020-01-02,-0.006190725033555999
2020-01-03,0.00525781606714254
2020-01-06,0.0034428892964253888
2020-01-07,-0.004014019299488275
2020-01-08,0.00018127753177074601
2020-01-09,0.001658348368824919
2020-01-10,0.004425762088919066
2020-01-13,0.004335811823258068
2020-01-14,-0.0006249985585494444
2020-01-15,0.008477122274545112
2020-01-16,0.004064849751067523
2020-01-17,0.002943669448998154
2020-01-21,0.004730131202032889
2020-01-22,-0.00023476836562971726
2020-01-23,0.006356712251784746
2020-01-24,0.000572109563944101
2020-01-27,-0.005931142825968322
2020-01-28,0.004206591774226193
2020-01-29,0.0013413619560268264
2020-01-30,0.00507502872747484
2020-01-31,-0.010111605573221882
2020-02-03,0.002732596760948891
2020-02-04,0.004050062674272298
2020-02-05,0.0026034011329405526
2020-02-06,0.0047707983753506045
2020-02-07,-0.002298639624771781
2020-02-10,0.007855308462750565
2020-02-11,0.0022381858027534507
2020-02-12,0.004273432619047612
2020-02-13,0.005062846684064759
2020-02-14,0.006707187555840932
2020-02-18,0.004129672217010633
2020-02-19,-0.0018016305579533487
2020-02-20,0.0020968321431537595
2020-02-21,-0.0009899195091368773
2020-02-24,-0.014340318386148132
2020-02-25,-0.024002874045199435
2020-02-26,-0.0024740623153231556
2020-02-27,-0.038813247168120374
2020-02-28,-0.021732633446208405
2020-03-02,0.0429885962722778
2020-03-03,-0.0049052547050418005
2020-03-04,0.035072515251291625
2020-03-05,-0.012083051179519633
2020-03-06,-0.011497803602521256
2020-03-09,-0.049826738356792855
2020-03-10,0.02588138963175446
2020-03-11,-0.038660943500369194
2020-03-12,-0.08108035890223453
2020-03-13,0.05727309205334741
2020-03-16,-0.10579367409860108
2020-03-17,0.06756479150025108
2020-03-18,-0.04284457651056836
2020-03-19,-0.0223041704416643
2020-03-20,-0.041692118434815295
2020-03-23,-0.02328227609666289
2020-03-24,0.08641031860715276
2020-03-25,0.013745200545936143
2020-03-26,0.059195922900304176
2020-03-27,-0.010917132595927942
2020-03-30,0.027367111567834834
2020-03-31,-0.0306841079993406
2020-04-01,-0.03973523730095338
2020-04-02,0.021461069029611368
2020-04-03,-0.013679432854569601
2020-04-06,0.0656554964431878
2020-04-07,-0.006635961895481185
2020-04-08,0.03687989906417383
2020-04-09,0.03125524872989438
2020-04-13,-0.014558499629512972
2020-04-14,0.028124614558328098
2020-04-15,-0.024608102875197047
2020-04-16,0.00315742685745582
2020-04-17,-0.0005336473949675985
2020-04-20,-0.002564880265553432
2020-04-21,-0.007172147251198621
2020-04-22,0.007200474439147148
2020-04-23,-5.9320933026490996e-05
2020-04-24,0.003741867762418985
2020-04-27,-0.0017229610147608265
2020-04-28,-8.163759912438451e-05
2020-04-29,0.004645672279374444
2020-04-30,-0.005766387742335732
2020-05-01,-0.0031269925142612537
2020-05-04,0.001444221942244861
2020-05-05,0.001559206463302265
2020-05-06,-0.004018307257156489
2020-05-07,0.005530726655392906
2020-05-08,0.002249321359086204
2020-05-11,-0.0010961080452320249
2020-05-12,-0.0018671098343551462
2020-05-13,-0.0012058536227760736
2020-05-14,0.003615430421635063
2020-05-15,0.002114229031713266
2020-05-18,0.0013547261897852297
2020-05-19,-0.0010771126235732675
2020-05-20,0.004894442531661547
2020-05-21,-0.004634868153979427
2020-05-22,0.002383208021225991
2020-05-26,-0.0029083747019306855
2020-05-27,0.002591102501261766
2020-05-28,0.0008220125468753753
2020-05-29,0.0035154819237095958
2020-06-01,0.0004014900908798774
2020-06-02,0.00024546899797996125
2020-06-03,-0.002827588579430801
2020-06-04,-0.0021282909645005954
2020-06-05,0.001605381358824251
2020-06-08,0.0038065892186634476
2020-06-09,0.0021903332988468666
2020-06-10,0.005380589806127822
2020-06-11,-0.0104462985064208
2020-06-12,0.0006109880518024996
2020-06-15,0.0024945153903256495
2020-06-16,0.0026429586003431788
2020-06-17,0.0005419733887108563
2020-06-18,0.002288415336711397
2020-06-19,-2.9382285510581863e-05
2020-06-22,0.0015074011568907142
2020-06-23,0.0009099090824298273
2020-06-24,-0.004015304941536374
2020-06-25,0.0027711781943335206
2020-06-26,-0.0031166321444178746
2020-06-29,0.0034036980006298123
2020-06-30,0.0031120590035224743
2020-07-01,-0.0006390609737426112
2020-07-02,0.0017676058441974118
2020-07-06,0.00303601098238028
2020-07-07,0.0023773816805159748
2020-07-08,0.0020039258457165143
2020-07-09,0.0011202077366707364
2020-07-10,0.0013144977946498299
2020-07-13,-0.0022087963832533863
2020-07-14,0.0065082408618714754
2020-07-15,0.0018965107591331354
2020-07-16,-0.0038293400339102224
2020-07-17,0.0021939686766280497
2020-07-20,0.011212971923974857
2020-07-21,-0.0005525846095293108
2020-07-22,0.0068125762571172865
2020-07-23,-0.005427591632694018
2020-07-24,-0.0012936107984907186
2020-07-27,0.009670475273834772
2020-07-28,-0.001686333472399465
2020-07-29,0.0073683891118231926
2020-07-30,0.0018968006787652147
2020-07-31,0.011841722418591494
2020-08-03,0.00512082430602237
2020-08-04,0.009933133747320744
2020-08-05,0.0006764215155381503
2020-08-06,0.014813783156925941
2020-08-07,-0.00965369871239008
2020-08-10,-0.003520857993491555
2020-08-11,-0.02461651439172194
2020-08-12,0.005211934144513541
2020-08-13,0.004601650014308206
2020-08-14,-0.0022712832469093946
2020-08-17,0.008012546316242597
2020-08-18,0.007231467596985508
2020-08-19,-0.010461571916251411
2020-08-20,0.010427427717047744
2020-08-21,0.0015662192123811758
2020-08-24,0.003386639626882848
2020-08-25,0.0020094518015337237
2020-08-26,0.015615577303522421
2020-08-27,-0.00997567735809396
2020-08-28,0.006941401717562912
2020-08-31,0.0018684820702432325
2020-09-01,0.009702119589957037
2020-09-02,0.006651797746121596
2020-09-03,-0.024046071109119854
2020-09-04,-0.012110874751697809
2020-09-08,-0.01684358644337075
2020-09-09,0.01290524702301915
2020-09-10,-0.008877217738411991
2020-09-11,-0.002183437932282567
2020-09-14,0.008165039564888732
2020-09-15,0.0057225821162301405
2020-09-16,-0.006603047621821595
2020-09-17,-0.007272337856775307
2020-09-18,-0.007160579963953667
2020-09-21,-0.005679558413915514
2020-09-22,0.0073818271351338005
2020-09-23,-0.0188282995919975
2020-09-24,0.0037649669968719546
2020-09-25,0.008596765924415883
2020-09-28,0.00991894330017895
2020-09-29,0.0018099046600935365
2020-09-30,-0.001633634692019853
2020-10-01,0.008595671705446062
2020-10-02,-0.012433620937604944
2020-10-05,0.005920543599896744
2020-10-06,-0.01071387352391151
2020-10-07,0.004476332942645295
2020-10-08,0.006785426631159885
2020-10-09,0.01066819244711259
2020-10-12,0.010226465057079387
2020-10-13,-0.0037900151035006324
2020-10-14,-0.0027461943731453275
2020-10-15,0.00028016132616021094
2020-10-16,-0.004550801637883933
2020-10-19,-0.008475883134708873
2020-10-20,0.0016919557982288669
2020-10-21,-0.0007212376438343049
2020-10-22,-0.005712533820292548
2020-10-23,0.003180856438594254
2020-10-26,-0.008029068570875264
2020-10-27,0.0034701684065981397
2020-10-28,-0.022308734986811823
2020-10-29,0.002290552788784178
2020-10-30,-0.012317445903516577
2020-11-02,0.006443706067609745
2020-11-03,0.009881582738933109
2020-11-04,0.020326578486334318
2020-11-05,0.018820430176285152
2020-11-06,-0.0025290849009707017
2020-11-09,-0.018949297426910483
2020-11-10,-0.0061604932126212986
2020-11-11,0.007942965220032877
2020-11-12,0.00019438305222230223
2020-11-13,0.007551536462291258
2020-11-16,0.0050732860555414705
2020-11-17,-0.00173587788378754
2020-11-18,-0.005089050008271895
2020-11-19,0.0040671283640786315
2020-11-20,-0.0009117098357495357
2020-11-23,-0.0033822750387174916
2020-11-24,0.0008734154029331476
2020-11-25,-5.2447134218036595e-05
2020-11-27,0.0017597938096726995
2020-11-30,-0.0018264115599984643
2020-12-01,0.00638673311931795
2020-12-02,-0.0020457404252636757
2020-12-03,0.004522879405572333
2020-12-04,-0.0016335674807214096
2020-12-07,0.006128233227011115
2020-12-08,0.002340977881979206
2020-12-09,-0.010128683026506408
2020-12-10,0.0018767873591306328
2020-12-11,-0.00036614953827765473
2020-12-14,-0.0007968013292020126
2020-12-15,0.010199184544962214
2020-12-16,0.004048481551719552
2020-12-17,0.005392742117841437
2020-12-18,-0.003260751529077871
2020-12-21,-0.003414827824149841
2020-12-22,0.00040436633518928233
2020-12-23,-0.0014210829477619424
2020-12-24,0.004166715001900079
2020-12-28,0.004882386969228714
2020-12-29,-0.0005164384470718042
2020-12-30,0.0038224813012209813
2020-12-31,0.0017994921906839267
2021-01-04,-0.0009275541922758868
2021-01-05,0.0023722314948737833
2021-01-06,-0.007267873186094037
2021-01-07,0.014290989155638617
2021-01-08,-0.0010010170301035792
2021-01-11,-0.011665859423841685
2021-01-12,0.0002064715862290789
2021-01-13,0.0013783363877074295
2021-01-14,-0.005328138701583773
2021-01-15,-0.00678861883351789
2021-01-19,0.011310898947980097
2021-01-20,0.021612320787178008
2021-01-21,0.005145819240088306
2021-01-22,-0.0036650102381025895
2021-01-25,0.004683352025842191
2021-01-26,0.0027832557259186153
2021-01-27,-0.022096511395583912
2021-01-28,0.0029281279465203647
2021-01-29,-0.01648110202557379
2021-02-01,0.019778504132866137
2021-02-02,0.009469549360256818
2021-02-03,0.0007260022928430865
2021-02-04,0.0027701595331720286
2021-02-05,0.007458818139033069
2021-02-08,0.007543720077355209
2021-02-09,-2.498647749887839e-05
2021-02-10,0.0004452692038750261
2021-02-11,0.00016490142304265154
2021-02-12,0.001946974345088559
2021-02-16,-0.004287687268579782
2021-02-17,-0.0028856370705885315
2021-02-18,-0.0023885615513659086
2021-02-19,-0.003239508537225766
2021-02-22,-0.008047170347607185
2021-02-23,-0.0009722803601270036
2021-02-24,0.00671636370033124
2021-02-25,-0.028198553159521023
2021-02-26,-0.0026931573561886357
2021-03-01,0.019877237751035365
2021-03-02,-0.007323156759117405
2021-03-03,-0.01848656935935103
2021-03-04,-0.013728461625350935
2021-03-05,0.012325119161036902
2021-03-08,-0.01167727074521574
2021-03-09,0.026060743214897708
2021-03-10,0.002607645835835809
2021-03-11,0.013686112477451523
2021-03-12,-0.0018049890407252356
2021-03-15,0.008894432563391064
2021-03-16,0.002150628751138639
2021-03-17,0.005126106987397211
2021-03-18,-0.018650256631574963
2021-03-19,0.00396516573378089
2021-03-22,0.006915499645501505
2021-03-23,-0.007570363265535729
2021-03-24,-0.012168132655141356
2021-03-25,-9.845941888203535e-05
2021-03-26,0.006411401743610712
2021-03-29,-0.003085087378916218
2021-03-30,-0.004188407154499807
2021-03-31,0.010711173983154187
2021-04-01,0.014487316703834296
2021-04-05,0.016018180226172102
2021-04-06,0.002646377035997599
2021-04-07,0.0018059646904897975
2021-04-08,0.007514272556196355
2021-04-09,0.0028348084175762456
2021-04-12,-0.0021172709480162533
2021-04-13,0.007094193760589451
2021-04-14,-0.008769682510648302
2021-04-15,0.013319928545771964
2021-04-16,0.0032299066087979333
2021-04-19,-0.006973947206274395
2021-04-20,-0.00581763303220223
2021-04-21,0.008757060038797226
2021-04-22,-0.009161929422187493
2021-04-23,0.008301276199205954
2021-04-26,0.0035598033027858245
2021-04-27,-0.002544952171596504
2021-04-28,0.0004114792203286366
2021-04-29,0.005740607222857713
2021-04-30,-0.006693266044696361
2021-05-03,4.5723765223937285e-05
2021-05-04,-0.011184136867021882
2021-05-05,-0.0008352082724410459
2021-05-06,0.01015031575533637
2021-05-07,0.00853156858884302
2021-05-10,-0.014792128318683984
2021-05-11,-0.004252112329991509
2021-05-12,-0.022877161520564487
2021-05-13,0.007908367547317774
2021-05-14,0.017046391374613334
2021-05-17,-0.00136078517402069
2021-05-18,-0.006014391677878095
2021-05-19,-0.0006541319182683247
2021-05-20,0.012774292958838862
2021-05-21,-0.003352832799036559
2021-05-24,0.01191332487515695
2021-05-25,0.003069514496682302
2021-05-26,0.0035624722968858047
2021-05-27,0.0007352052121341046
2021-05-28,0.0006618474193066659
2021-06-01,-0.002219734734680151
2021-06-02,0.0010267558417262623
2021-06-03,-0.011876093467822785
2021-06-04,0.013090455782889088
2021-06-07,0.002242688278165844
2021-06-08,0.000539677970603919
2021-06-09,-0.0019303093397260718
2021-06-10,0.005448365461755866
2021-06-11,0.0003212531055022394
2021-06-14,0.0028028586159810354
2021-06-15,-0.0052373948390143366
2021-06-16,-0.007648252618528861
2021-06-17,-0.002808480646474598
2021-06-18,-0.007909296428567164
2021-06-21,0.008805105809367497
2021-06-22,0.005717780077528073
2021-06-23,0.0012378428408536812
2021-06-24,0.004624866585279552
2021-06-25,0.0024297997988942943
2021-06-28,0.005478580338583977
2021-06-29,-0.001534124622121602
2021-06-30,0.0006766641013603025
2021-07-01,0.0075049661852908955
2021-07-02,0.004858004134469435
2021-07-06,-0.011504769434524359
2021-07-07,-0.00046429732139138813
2021-07-08,-0.009948434084080665
2021-07-09,0.014756402679753533
2021-07-12,0.0024095443629327806
2021-07-13,-0.0037915287886698124
2021-07-14,-0.006302304275309978
2021-07-15,-0.007290406671743299
2021-07-16,-0.014888449393644226
2021-07-19,-0.02144361156129662
2021-07-20,0.012725485671787329
2021-07-21,0.015951486671331283
2021-07-22,6.2310152399713825e-06
2021-07-23,0.009513260335377083
2021-07-26,0.00945160335042794
2021-07-27,-0.007321369203444478
2021-07-28,0.004659792485731451
2021-07-29,0.003632290714036368
2021-07-30,-0.003978600751062156
2021-08-02,-0.006380618434858348
2021-08-03,0.007352025718382255
2021-08-04,-0.00794750117015211
2021-08-05,0.0061365747686973615
2021-08-06,0.00570045932267213
2021-08-09,-0.005091717951598129
2021-08-10,0.0068688874175115155
2021-08-11,0.005995110018757299
2021-08-12,0.0012329334702080585
2021-08-13,-0.001205179598470718
2021-08-16,-0.004297071168126193
2021-08-17,-0.009595547890112383
2021-08-18,-0.013472645785646303
2021-08-19,-0.00624228442057384
2021-08-20,0.007400168419297248
2021-08-23,0.017767128483863193
2021-08-24,0.0062372393826558015
2021-08-25,0.0033018883073765437
2021-08-26,-0.009260937247154766
2021-08-27,0.016332340298050585
2021-08-30,0.0011990356020647186
2021-08-31,-0.002798015705100243
2021-09-01,-0.002991335541393886
2021-09-02,0.006000798971877719
2021-09-03,-0.002097379996904819
2021-09-07,-0.0024833443935361466
2021-09-08,-0.00783551010716238
2021-09-09,-0.0015633137854507428
2021-09-10,-0.004250719048713103
2021-09-13,0.00781009126841653
2021-09-14,-0.008828727480072907
2021-09-15,0.015400705597784059
2021-09-16,-0.005640331603289445
2021-09-17,-0.013669102563132057
2021-09-20,-0.02684170244054493
2021-09-21,-0.0009626558659460716
2021-09-22,0.013600068710358987
2021-09-23,0.01823091159871726
2021-09-24,0.0037347166580865565
2021-09-27,0.008377552472181388
2021-09-28,-0.02011692480970506
2021-09-29,-8.653472425440567e-05
2021-09-30,-0.004885904829879939
2021-10-01,0.01545497891992309
2021-10-04,-0.009319150241520552
2021-10-05,0.015315114762762316
2021-10-06,-0.0018352705989351237
2021-10-07,0.007993627371361889
2021-10-08,-0.00010442329129228822
2021-10-11,-0.005981968397142878
2021-10-12,-0.004386455077722201
2021-10-13,0.002690056705481114
2021-10-14,0.015926109448852588
2021-10-15,0.0072319276603501625
2021-10-18,0.0026105812474986057
2021-10-19,0.007936788074127177
2021-10-20,0.004579028752760089
2021-10-21,-0.0031380318931676365
2021-10-22,-0.0015051479043750038
2021-10-25,0.002874054638584589
2021-10-26,-0.0009916101256018661
2021-10-27,-0.009630319267040055
2021-10-28,0.00768245869303974
2021-10-29,-0.0004177868007854968
2021-11-01,0.002030997229270387
2021-11-02,0.003550128367655503
2021-11-03,-0.0030849791237011204
2021-11-04,8.616387714155405e-05
2021-11-05,0.006893957717513277
2021-11-08,0.0031538350422115613
2021-11-09,-0.0010140429313824917
2021-11-10,-0.010538910224644815
2021-11-11,0.003127781981637212
2021-11-12,0.006903973950637854
2021-11-15,0.0005710451172246389
2021-11-16,0.0001598966669169033
2021-11-17,-0.006809528253568259
2021-11-18,0.00026142437214682346
2021-11-19,-0.005757695169993776
2021-11-22,-0.0005080099411888528
2021-11-23,0.0071984239991432775
2021-11-24,0.000674416499565289
2021-11-26,-0.03401802917534044
2021-11-29,0.009162001093266314
2021-11-30,-0.022862553122781293
2021-12-01,-0.014142155657197647
2021-12-02,0.01616843368781551
2021-12-03,-0.008568013605395441
2021-12-06,0.01466514820042264
2021-12-07,0.019544394140866173
2021-12-08,0.004985505462272
2021-12-09,-0.008979851202341266
2021-12-10,0.008263801132676607
2021-12-13,-0.00893916739424569
2021-12-14,-0.005497957991631663
2021-12-15,0.011207072233045012
2021-12-16,-0.0028111232094205074
2021-12-17,-0.01115266220324429
2021-12-20,-0.013467726814081205
2021-12-21,0.021533519920456434
2021-12-22,0.008009217047210138
2021-12-23,0.0062565132080686925
2021-12-27,0.016299766701815238
2021-12-28,-0.0018307808026509498
2021-12-29,-0.0005132661675896488
2021-12-30,-0.00481304581321676
2021-12-31,-0.0022286571009094147
2022-01-03,0.014155672103400962
2022-01-04,0.01557500155390057
2022-01-05,-0.011691752166105046
2022-01-06,0.01013190686842741
2022-01-07,0.004551072207313933
2022-01-10,-0.0026385995814618146
2022-01-11,0.01854122131850866
2022-01-12,0.003802851864489365
2022-01-13,-0.011349119628553173
2022-01-14,0.008634779951698146
2022-01-18,-0.008615647076222172
2022-01-19,-0.008135625574230365
2022-01-20,-0.008020944748210163
2022-01-21,-0.014814614806923865
2022-01-24,0.003129229575774245
2022-01-25,0.00723805537320904
2022-01-26,0.002261105076377695
2022-01-27,-3.006824928508678e-05
2022-01-28,0.013365223379978725
2022-01-31,0.01047683191133647
2022-02-01,0.0140203502500294
2022-02-02,0.005541891202554272
2022-02-03,-0.011832163982814808
2022-02-04,0.01114759207116539
2022-02-07,0.0028282659898352935
2022-02-08,-0.0009877816345290613
2022-02-09,0.011761361204204401
2022-02-10,-0.01160104509308188
2022-02-11,-0.00013795951327685851
2022-02-14,-0.0074825347666843955
2022-02-15,0.0032710518666424215
2022-02-16,0.002283944567230689
2022-02-17,-0.012021335074817396
2022-02-18,-0.003155241770987749
2022-02-22,-0.004069322411148296
2022-02-23,-0.005697793490232639
2022-02-24,0.004635050916829586
2022-02-25,0.01426696344147746
2022-02-28,0.0062690025375386205
2022-03-01,-0.0016444103433990165
2022-03-02,0.025754801219819323
2022-03-03,-0.0003544051578557028
2022-03-04,0.00866951166080579
2022-03-07,-0.009131391845738274
2022-03-08,0.005510432711553798
2022-03-09,-0.00842768226654897
2022-03-10,-0.001818046125050543
2022-03-11,-0.003863708757827572
2022-03-14,-0.0162723783667075
2022-03-15,-0.003377667237233567
2022-03-16,0.011864500672084888
2022-03-17,0.025495523251934882
2022-03-18,0.006632268482047954
2022-03-21,0.014810119957998719
2022-03-22,0.005248460727759446
2022-03-23,0.0011495855836573953
2022-03-24,0.0010441547310219984
2022-03-25,0.006746373597462135
2022-03-28,-0.007282603263050955
2022-03-29,0.00410753512505696
2022-03-30,0.0021320034489867856
2022-03-31,-0.00825066630285301
2022-04-01,0.00398653130418869
2022-04-04,0.0016085178372427233
2022-04-05,-0.00367569255220683
2022-04-06,0.0007466763388190717
2022-04-07,0.0009036704761491154
2022-04-08,0.006723970748084007
2022-04-11,-0.007057745374936489
2022-04-12,0.004059138193289222
2022-04-13,0.005125084861010432
2022-04-14,-0.0007712975898955254
2022-04-18,0.0036928796557488958
2022-04-19,0.00011013461449688178
2022-04-20,0.0038476189758077928
2022-04-21,-0.006942301906314674
2022-04-22,-0.011409776594984294
2022-04-25,-0.005429635371703767
2022-04-26,-0.003212567461859356
2022-04-27,0.0018435044388397243
2022-04-28,0.008717260526263815
2022-04-29,-0.014482386804647085
2022-05-02,0.0006935370198247609
2022-05-03,0.004903550720133626
2022-05-04,0.014386347105056874
2022-05-05,-0.009382565763449771
2022-05-06,0.0016957233307302727
2022-05-09,-0.024809047350333846
2022-05-10,-0.0034905099964186587
2022-05-11,0.003416594781086843
2022-05-12,0.0011109749799291385
2022-05-13,0.010928178401411776
2022-05-16,0.00328821693491535
2022-05-17,0.0047784306556155065
2022-05-18,-0.012997733561060265
2022-05-19,6.123509141980898e-05
2022-05-20,0.0019522021285504898
2022-05-23,0.009927074828455812
2022-05-24,0.00158727310727029
2022-05-25,0.005155930082184845
2022-05-26,0.005492881719942097
2022-05-27,0.009404489705135965
2022-05-31,-0.004764739603763529
2022-06-01,-0.0007223860310546643
2022-06-02,0.006061112081745618
2022-06-03,-0.0005404823757123034
2022-06-06,0.0003920128978863596
2022-06-07,0.006989449116498958
2022-06-08,-0.00380692005063539
2022-06-09,-0.008566760214390151
2022-06-10,-0.010830367176533143
2022-06-13,-0.017668936198737037
2022-06-14,-0.0031046641568118205
2022-06-15,0.0015819675736857969
2022-06-16,-0.01263541310066224
2022-06-17,-0.01018862910900066
2022-06-21,0.005363309377958522
2022-06-22,-0.00542118865126151
2022-06-23,-0.00526252623813292
2022-06-24,0.004879339448114958
2022-06-27,0.004270667296929903
2022-06-28,0.004194864032971826
2022-06-29,-0.00649471183268184
2022-06-30,-0.005872175985221925
2022-07-01,0.005442212791271772
2022-07-05,-0.02027854078893511
2022-07-06,-0.0046697959647779425
2022-07-07,0.009634168655321587
2022-07-08,0.0017862159434905017
2022-07-11,-0.0013200820317577633
2022-07-12,-0.00917523150326624
2022-07-13,0.000584950097570508
2022-07-14,-0.00526906788905851
2022-07-15,0.0036358243508646526
2022-07-18,0.0035844823602999565
2022-07-19,0.0054357331346472915
2022-07-20,-0.00172399552382127
2022-07-21,-0.002195966190432011
2022-07-22,-0.0004891509238758723
2022-07-25,0.008069343888131839
2022-07-26,-0.00029023739451998487
2022-07-27,0.007056491609974791
2022-07-28,0.006807609511360474
2022-07-29,0.007424347046547514
2022-08-01,-0.004275953439829602
2022-08-02,-0.0019237913890868402
2022-08-03,-0.0035866365496758784
2022-08-04,-0.0036369979556126614
2022-08-05,0.00016748610988005785
2022-08-08,0.003401780259359777
2022-08-09,0.005016037630800774
2022-08-10,0.0028615771253820838
2022-08-11,0.006382767467143988
2022-08-12,0.003466255847421773
2022-08-15,-0.00453601517021214
2022-08-16,-0.0015623942501757637
2022-08-17,0.0005147801735941732
2022-08-18,0.0054059522449068365
2022-08-19,-0.00105899137343958
2022-08-22,-0.0016634103939576345
2022-08-23,0.006683540638991625
2022-08-24,0.003613662883885038
2022-08-25,0.0003476015676756733
2022-08-26,-0.004380413110226605
2022-08-29,0.004173838182545686
2022-08-30,-0.010575855902877823
2022-08-31,-0.005539852978139137
2022-09-01,-0.005047144709303161
2022-09-02,0.0028945929606326443
2022-09-06,-0.0023083240937773752
2022-09-07,0.0007529998375317148
2022-09-08,0.00020359588760104907
2022-09-09,0.007822655769175263
2022-09-12,0.005847343388655057
2022-09-13,-0.008738354116910763
2022-09-14,0.004605946520389981
2022-09-15,-0.009407256277392403
2022-09-16,-0.003937725669981407
2022-09-19,-0.001217579749096545
2022-09-20,-0.004302496739022596
2022-09-21,-0.006366872288697839
2022-09-22,0.00012491164682257305
2022-09-23,-0.014929540856088414
2022-09-26,-0.010188870301807318
2022-09-27,0.0002459101540168984
2022-09-28,0.013095791477979235
2022-09-29,-0.006830931209029015
2022-09-30,-0.006681771672748957
2022-10-03,0.016120635865750382
2022-10-04,0.01429957618539543
2022-10-05,0.0024610462128940302
2022-10-06,-0.0027126685960161684
2022-10-07,-0.004894245570170777
2022-10-10,-0.00453129604313969
2022-10-11,-0.0025814433574733453
2022-10-12,-0.0037697475276157882
2022-10-13,0.012870204737405494
2022-10-14,-0.009789893084419507
2022-10-17,0.0058813849127460766
2022-10-18,0.002728126736046624
2022-10-19,0.0002662592198843239
2022-10-20,-0.00399825225557858
2022-10-21,0.008881233796360938
2022-10-24,0.004397980899849052
2022-10-25,0.004286253439624715
2022-10-26,0.0053703623421892804
2022-10-27,0.000989232599390072
2022-10-28,0.004456267683041054
2022-10-31,-0.0011106262678167306
2022-11-01,0.0036612644306408537
2022-11-02,-0.005223839151589513
2022-11-03,0.0022339938284859084
2022-11-04,0.007280319593409107
2022-11-07,1.8020035143714863e-05
2022-11-08,0.00010068294629085595
2022-11-09,-0.011317754515840495
2022-11-10,0.012981980850405195
2022-11-11,0.0030913489855429327
2022-11-14,-0.003279069675026891
2022-11-15,0.0039871286963855945
2022-11-16,-0.002877228962967035
2022-11-17,-0.004056836937890232
2022-11-18,0.002288992592622413
2022-11-21,-0.0015201639812170709
2022-11-22,0.007362640572880802
2022-11-23,-0.0011866332130574947
2022-11-25,-9.250263375072676e-05
2022-11-28,-0.006411087865689766
2022-11-29,0.002275982794831752
2022-11-30,0.00953177368954633
2022-12-01,-0.0007942533821675563
2022-12-02,-0.002346551328178098
2022-12-05,-0.008850024798844072
2022-12-06,-0.005459145076786201
2022-12-07,-0.0004690224046582092
2022-12-08,0.0011738396696441972
2022-12-09,-0.005132152011601374
2022-12-12,0.008830080180946914
2022-12-13,0.004520811922158627
2022-12-14,0.0003149660854029762
2022-12-15,-0.006686712960680685
2022-12-16,-0.005552849841135701
2022-12-19,-0.0042182733150637475
2022-12-20,0.0023312422975609037
2022-12-21,0.0068758593549187175
2022-12-22,-0.004926991338002687
2022-12-23,0.0069948138407139315
2022-12-27,0.0027339204621409097
2022-12-28,-0.006579120673469344
2022-12-29,0.003053149142857134
2022-12-30,0.0008500706362079002
2023-01-03,-0.0082074505987699
2023-01-04,-0.0014285260473614059
2023-01-05,-0.0008903600710842563
2023-01-06,0.007551595374463954
2023-01-09,-0.0022741161859105574
2023-01-10,0.0017711658355798604
2023-01-11,0.0034040916419723066
2023-01-12,0.002028342282726747
2023-01-13,0.00254719721705296
2023-01-17,0.0006234727436503079
2023-01-18,-0.008811430453593033
2023-01-19,0.0019349089390674756
2023-01-20,0.0035935652966032905
2023-01-23,0.0012899709188873287
2023-01-24,-0.0014918874120320447
2023-01-25,9.04931012571386e-06
2023-01-26,0.004289087276728901
2023-01-27,-0.005130678829007793
2023-01-30,-0.005453107464502491
2023-01-31,0.006222720171519397
2023-02-01,-0.0032318782777976535
2023-02-02,-0.005697295305110706
2023-02-03,-0.004282151093469508
2023-02-06,-0.0007403745320077454
2023-02-07,0.0067143737127864644
2023-02-08,-0.002182329460865065
2023-02-09,-0.003698812649345906
2023-02-10,0.009006646281954078
2023-02-13,0.001884050313856564
2023-02-14,-0.0014204939558347535
2023-02-15,-0.003840857191748148
2023-02-16,-0.0037450201925935123
2023-02-17,-0.0026545885918524553
2023-02-21,-0.0025586185424756464
2023-02-22,-0.0030648306401866443
2023-02-23,0.00302405084479708
2023-02-24,-0.0030330252191530654
2023-02-27,-4.213826574975266e-05
2023-02-28,-0.0033861595484947077
2023-03-01,0.0034952593998073267
2023-03-02,0.0031143430048577725
2023-03-03,0.005174198766239313
2023-03-06,-0.0002865902313238383
2023-03-07,-0.007995442972465308
2023-03-08,-0.0024248169891924187
2023-03-09,-0.005723094153923913
2023-03-10,0.003263980474863912
2023-03-13,0.0003355192537047025
2023-03-14,0.00010780318436034997
2023-03-15,-0.01565877749000144
2023-03-16,0.004163404435366502
2023-03-17,0.0007545550043209504
2023-03-20,0.005711828703075128
2023-03-21,0.004608485698923054
2023-03-22,-0.002710203826681551
2023-03-23,-0.0019554077832819317
2023-03-24,0.003607903943684987
2023-03-27,0.009032080680093202
2023-03-28,0.007531487167855344
2023-03-29,0.002025040017440055
2023-03-30,0.005889342719532009
2023-03-31,0.004791690891726402
2023-04-03,0.01853149542093141
2023-04-04,-0.0006832819016376057
2023-04-05,0.005665855044798829
2023-04-06,-0.006103098138123292
2023-04-10,0.00015049988098284062
2023-04-11,0.00602138399715485
2023-04-12,0.00222886737315936
2023-04-13,0.006334626951139788
2023-04-14,-0.005247359614482139
2023-04-17,-0.0034908863962106185
2023-04-18,0.0032291681609823986
2023-04-19,-0.005706767289446246
2023-04-20,-0.0028054409145897574
2023-04-21,-0.0026491848157739473
2023-04-24,0.007590515523329899
2023-04-25,-0.0072877961505405375
2023-04-26,-0.010452154395693941
2023-04-27,0.004022613969422106
2023-04-28,0.007631667617735705
2023-05-01,-0.005870591557546628
2023-05-02,-0.01239619746812859
2023-05-03,-0.007813560863182328
2023-05-04,-0.0006483368547395008
2023-05-05,0.010828609312553805
2023-05-08,0.0007501288109251769
2023-05-09,0.001837982728762566
2023-05-10,-0.00433317760613286
2023-05-11,-0.008689057445542742
2023-05-12,-0.0010379331214233622
2023-05-15,0.0040601780908645635
2023-05-16,-0.01410829759751503
2023-05-17,0.006786053431743211
2023-05-18,-0.004927867010665832
2023-05-19,0.004239273768637836
2023-05-22,-0.005188005504924015
2023-05-23,0.0021304868702371194
2023-05-24,-0.002432821069607849
2023-05-25,-0.012685692115904867
2023-05-26,0.004878261070920348
2023-05-30,-0.009686783946962346
2023-05-31,-0.006535901613013317
2023-06-01,0.00895071024911559
2023-06-02,0.01060034022298792
2023-06-05,-0.0017310325787875114
2023-06-06,0.0013604302257424483
2023-06-07,-0.00727501597603053
2023-06-08,0.007590126937632197
2023-06-09,-0.001224549607152986
2023-06-12,0.0039027003024759144
2023-06-13,0.003222291137412403
2023-06-14,0.0010838178032930579
2023-06-15,0.010368272153874925
2023-06-16,-0.0033606393394999823
2023-06-20,-0.015829918049513475
2023-06-21,-0.001703000614970529
2023-06-22,-0.005345633998753485
2023-06-23,-0.0077045962917322575
2023-06-26,0.003450335826837181
2023-06-27,0.006531733138671336
2023-06-28,0.0022778771744100257
2023-06-29,0.0027072282064394826
2023-06-30,0.010322838627658038
2023-07-03,5.776962736109281e-05
2023-07-05,-0.006603308728327706
2023-07-06,-0.011364565167812646
2023-07-07,0.008041419479007494
2023-07-10,0.0035077052373096995
2023-07-11,0.009222296931332086
2023-07-12,0.013306789858466062
2023-07-13,0.006488757947775481
2023-07-14,-0.009183144388293152
2023-07-17,0.00257961293060352
2023-07-18,0.00984583596467209
2023-07-19,0.0007435027132210725
2023-07-20,-0.004601169091955404
2023-07-21,0.0018281138258245122
2023-07-24,0.002794586951794825
2023-07-25,0.005838439653720051
2023-07-26,-0.00137844887736574
2023-07-27,-0.006822116107443321
2023-07-28,0.007951092837356732
2023-07-31,0.006063466977915044
2023-08-01,-0.006464855321505675
2023-08-02,-0.01530784959192738
2023-08-03,0.0007359246623362958
2023-08-04,-0.00145462722489903
2023-08-07,0.0025331942557644815
2023-08-08,-0.0037841323106344305
2023-08-09,-0.0013432558629006552
2023-08-10,0.0008061495073683755
2023-08-11,0.000309482146021528
2023-08-14,0.0010584295046355552
2023-08-15,-0.011418673971214183
2023-08-16,-0.008038563774210888
2023-08-17,-0.0015449518347834257
2023-08-18,0.002895500126180506
2023-08-21,0.004812606903569466
2023-08-22,-0.0022601276490666067
2023-08-23,0.009139619708606384
2023-08-24,-0.010963887826896418
2023-08-25,0.00632654394577023
2023-08-28,0.00708093980700758
2023-08-29,0.01123439285545047
2023-08-30,0.0036179605744811605
2023-08-31,-6.309582770314126e-06
2023-09-01,0.005870655195367502
2023-09-05,-0.003921548941455326
2023-09-06,-0.006724695124162128
2023-09-07,-0.004186950968201375
2023-09-08,2.2760759351092563e-05
2023-09-11,0.011870021723864532
2023-09-12,-0.01030949554460317
2023-09-13,0.0017658305385149509
2023-09-14,0.010213419941108248
2023-09-15,-0.01385104138609447
2023-09-18,-0.00367430833265156
2023-09-19,-0.0022508931714750047
2023-09-20,-0.010811137956976358
2023-09-21,-0.017808811059015356
2023-09-22,-0.0030887982884060527
2023-09-25,0.004205993713951639
2023-09-26,-0.015643065069117168
2023-09-27,0.0019411359492849112
2023-09-28,0.008385660758086277
2023-09-29,-0.0005433921244902828
2023-10-02,0.002312903070402633
2023-10-03,-0.015433981361205523
2023-10-04,0.011227005738856155
2023-10-05,-0.002731077128695081
2023-10-06,0.014457839144175588
2023-10-09,0.008167145537720744
2023-10-10,0.0060770111678991046
2023-10-11,0.006993650906333748
2023-10-12,-0.00771251144551427
2023-10-13,-0.012269743404672073
2023-10-16,0.013122549985468301
2023-10-17,0.0010864336652886553
2023-10-18,-0.01878247774249084
2023-10-19,-0.010388642766916367
2023-10-20,-0.012996081818645505
2023-10-23,0.0007366616934452452
2023-10-24,0.009224604877578757
2023-10-25,-0.022033010973526057
2023-10-26,-0.015177428868511256
2023-10-27,0.0009511846300468974
2023-10-30,0.013236063194832781
2023-10-31,0.006793450094855935
2023-11-01,0.012405054961790396
2023-11-02,0.019213705407519044
2023-11-03,0.01212761932489198
2023-11-06,0.0006263725577935475
2023-11-07,0.006241430138229337
2023-11-08,0.00014120115292043378
2023-11-09,-0.006450186105588979
2023-11-10,0.01826716769677772
2023-11-13,-0.0007217542242641817
2023-11-14,0.022501388836376035
2023-11-15,0.002363848362232246
2023-11-16,-0.00015673091918785853
2023-11-17,0.0027132488376628294
2023-11-20,0.008486635253767416
2023-11-21,-0.0036975192261992917
2023-11-22,0.004471762643008914
2023-11-24,-0.0004790625400725168
2023-11-27,-0.0025731178345212713
2023-11-28,0.0019252198539103094
2023-11-29,-0.0013447856265534075
2023-11-30,-0.0028444145069118627
2023-12-01,0.008010213691593104
2023-12-04,-0.01289834525191244
2023-12-05,-0.0014958670141665686
2023-12-06,-0.0010860296189714458
2023-12-07,0.009892840541964099
2023-12-08,0.0007294301628146815
2023-12-11,-0.0018778047512909013
2023-12-12,0.003003372523476433
2023-12-13,0.013834693921437213
2023-12-14,0.0037895160787867477
2023-12-15,-0.004096480964999288
2023-12-18,0.004401440676429724
2023-12-19,0.0073128896240055585
2023-12-20,-0.012660333362254916
2023-12-21,0.0110934999299091
2023-12-22,0.0017033020515894726
2023-12-26,0.0050480488378264465
2023-12-27,0.0024878851753682707
2023-12-28,-0.0011323399966904901
2023-12-29,-0.0023947509049441207
2024-01-02,-0.01133227790139052
2024-01-03,-0.00744489332976922
2024-01-04,-0.001840286982266237
2024-01-05,0.0011858201673916602
2024-01-08,0.010868573144569599
2024-01-09,-0.002269904303733389
2024-01-10,0.005500894278726853
2024-01-11,0.0009176349434659725
2024-01-12,0.005519391175718202
2024-01-16,-0.007366487422250156
2024-01-17,-0.007890179711979695
2024-01-18,0.012402532220825824
2024-01-19,0.01047206576638171
2024-01-22,0.0014334977115606495
2024-01-23,0.003741358378043236
2024-01-24,0.0031047291072146266
2024-01-25,0.00681138323965802
2024-01-26,-0.0011408627827493856
2024-01-29,0.007614662716866949
2024-01-30,-0.0037404685485724343
2024-01-31,-0.01286498680551168
2024-02-01,0.010785402905433061
2024-02-02,0.008286125758278223
2024-02-05,-0.005651950170513176
2024-02-06,0.0009344434500669074
2024-02-07,0.004384796933539603
2024-02-08,0.0010768469605355047
2024-02-09,0.003546218138144125
2024-02-12,-0.0013324567622840233
2024-02-13,-0.015059572521224474
2024-02-14,0.009249838973765134
2024-02-15,0.006028522796399649
2024-02-16,-0.004884698645698821
2024-02-20,-0.00038747568541813715
2024-02-21,-0.0016466924473705347
2024-02-22,0.014846537388100656
2024-02-23,0.0005274834736920531
2024-02-26,-0.004306142228955784
2024-02-27,0.002955356551474109
2024-02-28,-0.0010444304404344795
2024-02-29,0.007468554031116514
2024-03-01,0.008546113390338284
2024-03-04,-0.005753223000721425
2024-03-05,-0.01332961155400772
2024-03-06,0.0027477058208561778
2024-03-07,0.011914806369850484
2024-03-08,-0.005570266580737865
2024-03-11,-0.003125596935134284
2024-03-12,0.010593614739193291
2024-03-13,-0.0021131360531115306
2024-03-14,-0.0031931732292602433
2024-03-15,-0.008716410245168338
2024-03-18,0.006294470464701385
2024-03-19,0.005522043628530732
2024-03-20,0.012475198748405858
2024-03-21,0.00420205606645746
2024-03-22,-0.0024352900612206185
2024-03-25,-0.004949218097077407
2024-03-26,-0.0021408968670995343
2024-03-27,0.009473033390514085
2024-03-28,-0.0016691869754732747
2024-04-01,-0.0011628024561928796
2024-04-02,-0.007645593227052161
2024-04-03,0.0041094001921059276
2024-04-04,-0.012465461497051994
2024-04-05,0.010266921591828626
2024-04-08,0.0016784517395505016
2024-04-09,0.002132609418820125
2024-04-10,-0.011027136259443737
2024-04-11,0.009488656500037662
2024-04-12,-0.014890053030662986
2024-04-15,-0.013866633079464036
2024-04-16,-0.0025376747965880353
2024-04-17,-0.006330833056789553
2024-04-18,-0.00405379913209733
2024-04-19,-0.010533960058648206
2024-04-22,0.005572393424551125
2024-04-23,0.01396494588263869
2024-04-24,0.0016960984953595937
2024-04-25,-0.008476394794316583
2024-04-26,0.01237558149606005
2024-04-29,0.005657566902299266
2024-04-30,-0.01972532764707763
2024-05-01,-0.002431456197997034
2024-05-02,0.010711933827366515
2024-05-03,0.01303711576391392
2024-05-06,0.011529816570181817
2024-05-07,-0.0016487379245054001
2024-05-08,-0.0006276893310146192
2024-05-09,0.005381964665531785
2024-05-10,0.0001340000001365249
2024-05-13,-0.0006558054897549126
2024-05-14,0.004426965678330508
2024-05-15,0.009229187976803943
2024-05-16,-0.00415954714753014
2024-05-17,0.001430101802027739
2024-05-20,0.0022831711501169194
2024-05-21,0.0008669071006329188
2024-05-22,-0.0014441274270040327
2024-05-23,-0.011870559389899366
2024-05-24,0.0065676104683266845
2024-05-28,0.0010542587719535035
2024-05-29,-0.008773051977237462
2024-05-30,-0.004335301424671006
2024-05-31,0.004629748249870641
2024-06-03,0.0007943332662257441
2024-06-04,-0.0013798541218009719
2024-06-05,0.014080526206254995
2024-06-06,-0.00032359312246657557
2024-06-07,-0.009780022024797524
2024-06-10,0.004328403696055361
2024-06-11,0.0044103318478835585
2024-06-12,0.008041239459625149
2024-06-13,-0.003821024998911543
2024-06-14,0.002468988732201166
2024-06-17,0.00644426229614159
2024-06-18,0.0011838083452932746
2024-06-20,0.0015456682033881952
2024-06-21,-0.0032084709572229864
2024-06-24,-0.0051869205549229525
2024-06-25,0.004006531210386577
2024-06-26,-0.003241025597151115
2024-06-27,0.004647926058106544
2024-06-28,-0.002291226982550937
2024-07-01,-0.0011971427893120168
2024-07-02,0.004834757037150611
2024-07-03,0.007185021461152408
2024-07-05,0.008081661691482639
2024-07-08,-0.003334735237391334
2024-07-09,-9.424651186337729e-05
2024-07-10,0.008353698804234588
2024-07-11,-0.0020639995442008896
2024-07-12,0.0027056265062756213
2024-07-15,0.0039455719298707725
2024-07-16,0.011049219960618778
2024-07-17,-0.01785416808460913
2024-07-18,-0.003674905119083055
2024-07-19,-0.010880312400996434
2024-07-22,0.00959881187241074
2024-07-23,-0.000942642067531474
2024-07-24,-0.023135606282908894
2024-07-25,-0.007464578556713619
2024-07-26,0.01475984490375315
2024-07-29,0.00031389094418271535
2024-07-30,-0.0020447148250812563
2024-07-31,0.02088152505299512
2024-08-01,-0.013798375093061754
2024-08-02,-0.01706395347111836
2024-08-05,-0.02300923215487416
2024-08-06,0.00735000234345648
2024-08-07,-0.006749839831021787
2024-08-08,0.024001398431326648
2024-08-09,0.003908018407854874
2024-08-12,0.003330360121345133
2024-08-13,0.013176832557115742
2024-08-14,-0.0010787054006357322
2024-08-15,0.013601962589708028
2024-08-16,0.006417331204200155
2024-08-19,0.008068341833639886
2024-08-20,-0.0008170096812726291
2024-08-21,0.003394757416455174
2024-08-22,-0.006521666435953949
2024-08-23,0.010461385906325504
2024-08-26,-0.0020482916438577525
2024-08-27,0.0023896824782002335
2024-08-28,-0.004608983148933848
2024-08-29,0.001214411367133017
2024-08-30,0.010038606050788934
2024-09-03,-0.02345595776182699
2024-09-04,-0.0013098634340491244
2024-09-05,-0.005313386389379532
2024-09-06,-0.017921138451503976
2024-09-09,0.012727267455693192
2024-09-10,0.0015517372752436587
2024-09-11,0.008842325336583856
2024-09-12,0.009239470678643946
2024-09-13,0.006931416909807586
2024-09-16,0.006206746772973948
2024-09-17,0.002212681197127725
2024-09-18,-0.0034612261857139004
2024-09-19,0.017887133023661073
2024-09-20,-0.0031348909197499997
2024-09-23,-0.0010322240806044658
2024-09-24,0.002598278914376917
2024-09-25,-0.0027369273875757216
2024-09-26,0.007250048699808109
2024-09-27,0.00025105690110968637
2024-09-30,0.003888557529058312
2024-10-01,-0.0070916687167580095
2024-10-02,0.0008924180750185806
2024-10-03,-0.0024275636233476727
2024-10-04,0.01154298125329778
2024-10-07,-0.008751682931588733
2024-10-08,0.008869712185220147
2024-10-09,0.00742812448288005
2024-10-10,-0.003961288845968802
2024-10-11,0.011448476589175083
2024-10-14,0.007479255690025721
2024-10-15,-0.006332143855335898
2024-10-16,0.005639010137148737
2024-10-17,-0.00045217734093477846
2024-10-18,0.003549291787240616
2024-10-21,-0.002691772504987533
2024-10-22,-0.0034036431051265026
2024-10-23,-0.006418569716356098
2024-10-24,8.462716106819035e-05
2024-10-25,-0.0014870445653098752
2024-10-28,0.005368204731426296
2024-10-29,0.0038507985339065742
2024-10-30,-0.0017633130178948409
2024-10-31,-0.0165338822125696
2024-11-01,0.004053253154823355
2024-11-04,-0.003238060854262259
2024-11-05,0.012795050331354751
2024-11-06,0.038257380346727654
2024-11-07,0.002097258377572353
2024-11-08,0.0034521965161681545
2024-11-11,0.005515740407141978
2024-11-12,-0.0014438353821975558
2024-11-13,-8.610395188546338e-05
2024-11-14,-0.006003425325361439
2024-11-15,-0.011381529262809942
2024-11-18,0.00853566911630435
2024-11-19,0.004277964902270198
2024-11-20,0.002039757228596145
2024-11-21,0.007163880539540951
2024-11-22,0.005601340527190024
2024-11-25,-0.004458904926580076
2024-11-26,0.003150597971109892
2024-11-27,-0.00200956790637008
2024-11-29,0.006221152445302025
2024-12-02,-0.00023957971220561758
2024-12-03,0.0015507683785661863
2024-12-04,0.004963183535114546
2024-12-05,-0.0029417913410158814
2024-12-06,0.003311928355311994
2024-12-09,-0.007897874436148727
2024-12-10,0.0036947694140706533
2024-12-11,0.010596623603457755
2024-12-12,-0.005704009309662028
2024-12-13,-0.005138811215580574
2024-12-16,0.0036150184981270095
2024-12-17,-0.00611596844015086
2024-12-18,-0.027478484580117812
2024-12-19,0.0008257955592966548
2024-12-20,0.011413190621557878
2024-12-23,0.00130910171177695
2024-12-24,0.008390939210810078
2024-12-26,0.002138749436188664
2024-12-27,-0.009095341734417756
2024-12-30,-0.009010052967730442
2024-12-31,-0.0010854603114065775
2025-01-02,0.003398552404545646
2025-01-03,0.005620279310342563
2025-01-06,0.004808950725033845
2025-01-07,-0.006954514745629109
2025-01-08,0.0005890794978819225
2025-01-10,-0.01282125896566147
2025-01-13,-0.0023574111228012173
2025-01-14,0.004232875813717313
2025-01-15,0.017326297351734965
2025-01-16,5.257287612170369e-05
2025-01-17,0.006871615006861342
2025-01-21,0.010303001851919902
2025-01-22,0.00823719785500368
2025-01-23,0.002184756620945749
2025-01-24,0.001950145233986067
2025-01-27,-0.010807803100074148
2025-01-28,0.009608421799628758
2025-01-29,-0.0020787384899110806
2025-01-30,0.0068845145960757526
2025-01-31,-0.0014138689558295114
2025-02-03,-0.002517062816550175
2025-02-04,0.007719797168259657
2025-02-05,0.005251544151979454
2025-02-06,0.0031737183976495997
2025-02-07,-0.0036192830541325327
2025-02-10,0.007026770325911924
2025-02-11,0.0002475306799652188
2025-02-12,-0.0008847789258275007
2025-02-13,0.0104999903006682
2025-02-14,-0.0018158697972665283
2025-02-18,0.004068870233385979
2025-02-19,0.0003770194822176054
2025-02-20,-0.007025091615300655
2025-02-21,-0.013343071054317895
2025-02-24,0.001987817074422693
2025-02-25,-0.008361756709575174
2025-02-26,-0.001628626071662309
2025-02-27,-0.008454162503879203
2025-02-28,0.0113774679610672
2025-03-03,-0.0059203222508383
2025-03-04,-0.013010957286060915
2025-03-05,0.008997566492668696
2025-03-06,-0.01622541331160418
2025-03-07,-4.128517668017251e-05
2025-03-10,-0.022941493440106847
2025-03-11,-0.005329427731454728
2025-03-12,0.004150927838288299
2025-03-13,-0.008301663991782865
2025-03-14,0.01580777814534945
2025-03-17,0.006470383389039158
2025-03-18,-0.00533706821043578
2025-03-19,0.011545172450826147
2025-03-20,-0.0011039004293668941
2025-03-21,-5.48040090612989e-05
2025-03-24,0.013826976299102761
2025-03-25,0.007657097966608795
2025-03-26,-0.006342233222726562
2025-03-27,0.0019040596682219357
2025-03-28,-0.018123625443094676
2025-03-31,0.009025859334079012
2025-04-01,0.0019679456098294357
2025-04-02,0.0082028332187421
2025-04-03,-0.040071538066846685
2025-04-04,-0.049246616834772494
2025-04-07,-0.00860391659055873
2025-04-08,-0.009032267377109077
2025-04-09,0.07739774073111655
2025-04-10,-0.01928992626526732
2025-04-11,0.013458762157001036
2025-04-14,0.0035403934170758766
2025-04-15,0.0007700946486664528
2025-04-16,-0.008676854197737283
2025-04-17,0.002738872229061773
2025-04-21,-0.009925672476910424
2025-04-22,0.019152064474628
2025-04-23,0.006566965742027836
2025-04-24,0.01639792196091655
2025-04-25,0.0021657621028347562
2025-04-28,0.005383786854496808
2025-04-29,0.003752047782233481
2025-04-30,-0.0036027382257196316
2025-05-01,-0.0025793712601478447
2025-05-02,0.013381572363914407
2025-05-05,0.0037934507654412974
2025-05-06,0.0033561984223772767
2025-05-07,-0.0007855438134897752
2025-05-08,0.0006902211735737851
2025-05-09,0.0017378136962235002
2025-05-12,0.01563833516900759
2025-05-13,0.0017232891134765925
2025-05-14,-0.002872709640309015
2025-05-15,0.005990301667265108
2025-05-16,0.0019346311721901016
2025-05-19,0.0023379471274267705
2025-05-20,0.0017065193843620041
2025-05-21,-0.004849312853374629
2025-05-22,-0.0033138560946534834
2025-05-23,0.0032171862131579188
2025-05-27,0.003053455654406262
2025-05-28,-0.0028871061581028368
2025-05-29,0.0012453664124085495
2025-05-30,0.0012476349869639247
2025-06-02,0.004384793199300602
2025-06-03,-0.0008828529811907432
2025-06-04,-0.0012892683492247425
2025-06-05,-0.0010053698779800418
2025-06-06,0.0020336147314321817
2025-06-09,-0.0012548849161531928
2025-06-10,0.0020616637300525653
2025-06-11,0.000320470105596396
2025-06-12,0.002049597983184312
2025-06-13,-0.0028953986461338066
2025-06-16,0.0011743118664279129
2025-06-17,-0.0027890956295297115
2025-06-18,-0.0003358345665059048
2025-06-20,-0.00012364585379985582
2025-06-23,0.003512740039337686
2025-06-24,0.002055238189805672
2025-06-25,-0.0017260150169494393
2025-06-26,0.003275419733568888
2025-06-27,-0.00018892945911161418
2025-06-30,0.00402683093270681
2025-07-01,0.0013493255411635569
2025-07-02,-0.0008467109219906094
2025-07-03,0.0021262354151719842
2025-07-07,-0.0020485293291303136
2025-07-08,-0.004003726089042717
2025-07-09,0.0025124043702452192
2025-07-10,0.001619981598093484
2025-07-11,-0.0010941111873928738
2025-07-14,0.002204314563973131
2025-07-15,-0.005090943789136465
2025-07-16,0.001933131210468897
2025-07-17,0.0018831612147004045
2025-07-18,0.0019165970312148978
2025-07-21,0.0036388999243166242
2025-07-22,0.0037003217708766745
2025-07-23,-0.0008104386053204155
2025-07-24,-0.0007908302706528536
2025-07-25,-0.0011207504049264155
2025-07-28,-0.0036793620483253214
2025-07-29,6.85444273896274e-05
2025-07-30,-0.0010761548272040233
2025-07-31,0.0018500382313690333
2025-08-01,-0.0010893588539069993
2025-08-04,0.006585560241176208
2025-08-05,-0.0027072684497599225
2025-08-06,-0.00029727031114536173
2025-08-07,0.00048316577004940686
2025-08-08,0.0052413533946415874
2025-08-11,-0.004104814525601741
2025-08-12,0.011466936734939787
2025-08-13,0.004235308835412344
2025-08-14,-0.0007379804663999456
2025-08-15,-0.003713446506483198
2025-08-18,-0.001188331630641054
2025-08-19,-0.006656923458072311
2025-08-20,0.0013736631272040778
2025-08-21,-0.002848782462348265
2025-08-22,0.013792685828883933
2025-08-25,-0.0022082454552570796
2025-08-26,0.003787077218002921
2025-08-27,0.0027946777443350612
2025-08-28,0.005100278540222658
2025-08-29,-0.0012665398384936466
2025-09-02,0.0011076893464102566
2025-09-03,0.007211348688806518
2025-09-04,0.005001542848184798
2025-09-05,0.0003043978461195751
2025-09-08,0.00519244028762067
2025-09-09,0.002411892258013776
2025-09-10,0.0027460229902186994
2025-09-11,0.008399459838581619
2025-09-12,0.0013463575405582018
2025-09-15,0.0078106440108807185
2025-09-16,-0.0019346260786931857
2025-09-17,0.00028950347549189237
2025-09-18,0.003738613042876038
2025-09-19,0.006771285300762431
2025-09-22,0.004789026585465372
2025-09-23,-0.0026060009757516156
2025-09-24,-0.00657582543616772
2025-09-25,-0.0009030010104640052
2025-09-26,0.00645718123668837
2025-09-29,0.007517199561450083
2025-09-30,0.0019190533017017786
2025-10-01,-0.0028916707194085456
2025-10-02,-0.00026226384905730926
2025-10-03,0.002355235581657622
2025-10-06,0.007404921825591576
2025-10-07,-0.0010188398130160092
2025-10-08,0.006264222772562056
2025-10-09,-0.007349883426604864
2025-10-10,-0.01770034279959709
2025-10-13,0.016865262332824982
2025-10-14,0.0029772521854538048
2025-10-15,0.008577972073733064
2025-10-16,-0.00358282675033314
2025-10-17,-0.000550217382743523
2025-10-20,0.017639993684934407
2025-10-21,-0.015339453005899145
2025-10-22,-0.006031468579276805
2025-10-23,0.0038344489684146443
2025-10-24,0.006407640872905435
2025-10-27,0.002174500066261298
2025-10-28,-0.002148076260749171
2025-10-29,-0.004018194091710947
2025-10-30,-0.0017270568768678052
2025-10-31,0.0006253558400999282
2025-11-03,-0.002235855982666235
2025-11-04,-0.011401319461458753
2025-11-05,0.008015175367014654
2025-11-06,-0.013348850109133614
2025-11-07,0.0004129551135080567
2025-11-10,0.019124187133277404
2025-11-11,0.0015003170962124834
2025-11-12,0.0016790582683864352
2025-11-13,-0.018041557750517384
2025-11-14,-0.005687392073196573
2025-11-17,-0.009465311077525101
2025-11-18,-0.005443042369848994
2025-11-19,0.0007703898711633739
2025-11-20,-0.014394541908722636
2025-11-21,0.00987123277926133
2025-11-24,0.015735131576134875
2025-11-25,0.008795020932407832
2025-11-26,0.007022765359255667
2025-11-28,0.00884011408411195
2025-12-01,0.0002968883274766243
2025-12-02,0.0016236016852354818
2025-12-03,0.0028431412941720413
2025-12-04,0.0016366357434051404
2025-12-05,0.005662780565974523
2025-12-08,-0.004393471160826029
2025-12-09,0.0022030976553649717
2025-12-10,0.0073904084594574315
2025-12-11,0.0018412974872548948
2025-12-12,-0.005307292311516498
2025-12-15,-1.4519569035698066e-05
2025-12-16,0.0010959491142975564
2025-12-17,-0.008103278810848907
2025-12-18,0.008605337224051768
2025-12-19,0.0047931134897560845
2025-12-22,0.008044307961276032
2025-12-23,0.005890618637593881
2025-12-24,0.001916215421165962
2025-12-26,0.0019569532980081294
2025-12-29,-0.014635687852731838
2025-12-30,-0.00077186390649428
2025-12-31,-0.007270666547219168
2026-01-02,-0.002144921027692648
2026-01-05,0.0130696179156915
2026-01-06,0.006920925161752689
2026-01-07,-0.0034569715358512276
2026-01-08,0.0024832972582665147
2026-01-09,0.00906642236597277
2026-01-12,0.005233180961791706
2026-01-13,-0.0029092720671927974
2026-01-14,-0.004962019586004646
2026-01-15,-0.00022023753398131563
2026-01-16,-0.00398206568355533
2026-01-20,-0.007221047428171146
2026-01-21,0.01445529019722297
2026-01-22,0.012521222901948181
2026-01-23,0.0063653466231795575
2026-01-26,0.005449816767071597
2026-01-27,0.008413837000149221
2026-01-28,0.00949044934811838
2026-01-29,0.0020426184954996096
2026-01-30,-0.030211170319914216
2026-02-02,-0.0070802677637606115
2026-02-03,0.006515209923465687
2026-02-04,-0.008326719351374079
2026-02-05,-0.01598930679418223
2026-02-06,0.022534128678540655
2026-02-09,0.016064298580608816
2026-02-10,-0.0017753306824214443
2026-02-11,0.00345702750060789
2026-02-12,-0.021636068624032667
2026-02-13,0.006933383019460865
2026-02-17,-0.008376571944525096
2026-02-18,0.008888627450374942
2026-02-19,-3.8550453831442955e-05
2026-02-20,0.011769858780696585
2026-02-23,-0.0015410703736652709
2026-02-24,0.0019722993132418876
2026-02-25,0.007286206609598805
2026-02-26,-0.0010931377933847963
2026-02-27,0.0016925326611766933
2026-03-02,-0.0006804279594695151
2026-03-03,-0.022385678453824998
2026-03-04,0.011190245186406211
2026-03-05,-0.008607638734931283
2026-03-06,-0.005483174672965607
2026-03-09,0.005999259729892459
2026-03-10,0.003018011008424526
2026-03-11,-0.0009875023940345007
2026-03-12,-0.017134655346299293
2026-03-13,-0.009874475324366194
2026-03-16,0.00999112391289278
2026-03-17,0.00151400944289512
2026-03-18,-0.01871505830704079
2026-03-19,-0.011035430518897299
2026-03-20,-0.022909971810810364
2026-03-23,0.004498419072778925
2026-03-24,-0.006396133005104665
2026-03-25,0.012987363165282761
2026-03-26,-0.028258664438290004
2026-03-27,-0.002432469788770042
2026-03-30,-0.0018607328819679747
2026-03-31,0.03490936912849063
2026-04-01,0.01282227947876996
2026-04-02,-0.0033135653502544826
2026-04-06,0.0018119272845656953
2026-04-07,0.0033987716871242968
2026-04-08,0.02353436283612126
2026-04-09,0.0030384180622812507
2026-04-10,0.00038642954402953733
2026-04-13,0.0076790431533454995
2026-04-14,0.015394576309411379
2026-04-15,0.00230733580928863
2026-04-16,0.0050506942273145505
2026-04-17,0.010902326838444998
2026-04-20,-0.003529897758348499
2026-04-21,-0.01570261020017724
2026-04-22,0.011179026894187316
2026-04-23,-0.008810877353445823
2026-04-24,0.005677136869590288
2026-04-27,-0.001766527525871503
2026-04-28,-0.010040863084493673
2026-04-29,-0.004214919391077959
2026-04-30,0.010246167256332456
2026-05-01,0.0005627440638124037
2026-05-04,-0.00393437104735439
2026-05-05,0.009958451262858548
2026-05-06,0.013079955272855937
2026-05-07,-0.004330921118114506
2026-05-08,0.012812659895284018
2026-05-11,0.009610201665735452
2026-05-12,-0.001130977231722119
2026-05-13,9.927692182629122e-05
2026-05-14,-0.0008086333543164959
2026-05-15,-0.014201123866788373
2026-05-18,0.001821277177904812
2026-05-19,-0.005716028569568765
2026-05-20,0.0076089126819628705
2026-05-21,0.0017329320020713357
2026-05-22,-0.0012017406122390994
2026-05-26,0.005281783305645493
2026-05-27,-0.009637640016477517
2026-05-28,0.007658727314539593
2026-05-29,0.006457823091886805
2026-06-01,0.006157543995591902
2026-06-02,0.006020337577813006
2026-06-03,-0.005704815434707744
2026-06-04,-0.0032055804487526596
2026-06-05,-0.03763885860962124
2026-06-08,0.0095981816749523
2026-06-09,-0.012057394181413106
2026-06-10,-0.018460702530803647
2026-06-11,0.022184067643410327
2026-06-12,0.0004045830934076011
2026-06-15,0.010802922088334665
2026-06-16,-0.008575295266048139
2026-06-17,-0.009508334805453988
2026-06-18,0.007432546098705778
2026-06-22,-0.0022902263042506865
2026-06-23,-0.022795194463460317
2026-06-24,-0.01576482273918997
2026-06-25,0.011207170004418843
2026-06-26,-0.006685317163950516
2026-06-29,0.004681143355246414
2026-06-30,0.008734911502780496
2026-07-01,-0.008962116827294697
2026-07-02,0.0027152911425844806
2026-07-06,0.013426789281595963
2026-07-07,-0.008855273209076059
2026-07-08,0.0032773667329834277
2026-07-09,0.007310165798034368
2026-07-10,0.00024902091868844733
2026-07-13,-0.007860737124104233
2026-07-14,0.011036323980121665
2026-07-15,0.0004133456322804596
2026-07-16,-0.015423851105544145
2026-07-17,0.0030571372969152855
2026-07-20,-0.0008373035270357876
2026-07-21,0.019437751600585473
2026-07-22,0.005077809073653267
2026-07-23,-0.007005445822577339
2026-07-24,-0.0038377495382181104
2026-07-27,-0.008255050582388762
2026-07-28,-0.012990449349560673
2026-07-29,-0.0027336562668157927
2026-07-30,0.016667777688355118
2026-07-31,0.005101637255965935
2026-08-03,0.0004210798755444334
2026-08-04,0.01078101095392825
2026-08-05,-0.005059200223153232
2026-08-06,0.0041305330919738925
2026-08-07,0.0017256347263558958
2026-08-10,0.017495161770542195
2026-08-11,0.004630829120827906
2026-08-12,0.005541806467542265
2026-08-13,-0.00020978053313555622
2026-08-14,0.005299909350872378
2026-08-17,0.007525439818894419
2026-08-18,-0.006123797216242677
