Date,0
2016-02-04,0.0
2016-02-05,-0.032258832770708346
2016-02-08,-0.03271290186473058
2016-02-09,-0.007339748467971308
2016-02-10,-0.05984044696949137
2016-02-11,-0.04785294020099623
2016-02-12,-0.006029969494856013
2016-02-16,-0.0005
2016-02-17,0.0
2016-02-18,0.0
2016-02-19,0.0
2016-02-22,0.0
2016-02-23,0.0
2016-02-24,0.0
2016-02-25,0.03981682037141815
2016-02-26,0.011700843007733608
2016-02-29,0.026381739784214098
2016-03-01,-0.022231351912520125
2016-03-02,0.03313210838308774
2016-03-03,0.1087865691847838
2016-03-04,-0.045453099640552885
2016-03-07,0.005155089727419883
2016-03-08,-0.05456469929233657
2016-03-09,0.02121780135049574
2016-03-10,0.010039472254321816
2016-03-11,-0.0241843903113024
2016-03-14,-0.012882898724934227
2016-03-15,-0.015054466570235521
2016-03-16,0.036749389865437555
2016-03-17,0.023618039022089993
2016-03-18,-0.006880498987084205
2016-03-21,-0.0056296396717650694
2016-03-22,-0.0055961877761847205
2016-03-23,-0.04579555144241069
2016-03-24,0.006800102694182519
2016-03-28,0.010344033284425605
2016-03-29,0.012388211929751406
2016-03-30,0.0004559444266297361
2016-03-31,-0.005121908339459654
2016-04-01,-0.008503244496520696
2016-04-04,-0.010065918767937202
2016-04-05,-0.014534897385899526
2016-04-06,0.02685624051691926
2016-04-07,-0.02010471708920928
2016-04-08,-0.00503329794652633
2016-04-11,0.001759239920863409
2016-04-12,0.009950239314132636
2016-04-13,0.009643925731124381
2016-04-14,0.03745162751563058
2016-04-15,-0.024254055109666196
2016-04-18,0.011729335560333102
2016-04-19,-0.009249147965512156
2016-04-20,0.019150910857900827
2016-04-21,0.01828791277080294
2016-04-22,0.02190143952825091
2016-04-25,-0.03030180113330591
2016-04-26,0.019696824319233724
2016-04-27,0.03206196717459234
2016-04-28,-0.04563142540682788
2016-04-29,-0.008802661380183568
2016-05-02,0.006621803462149606
2016-05-03,-0.03953461755612406
2016-05-04,-0.05057733461706776
2016-05-05,-0.05402484325552351
2016-05-06,0.012894428757050788
2016-05-09,-0.004729177992946143
2016-05-10,-0.08714687680024569
2016-05-11,-0.0005
2016-05-12,0.0
2016-05-13,0.0
2016-05-16,0.0
2016-05-17,0.0
2016-05-18,0.0
2016-05-19,0.0
2016-05-20,0.0
2016-05-23,0.0
2016-05-24,0.0
2016-05-25,0.0
2016-05-26,0.0
2016-05-27,0.0
2016-05-31,0.0
2016-06-01,0.0
2016-06-02,0.0
2016-06-03,0.0
2016-06-06,0.0
2016-06-07,-0.02129275514063439
2016-06-08,0.0
2016-06-09,-0.031770244361868885
2016-06-10,-0.04362345179280802
2016-06-13,-0.023776018368853305
2016-06-14,-0.0043019149128847665
2016-06-15,0.007918112167311642
2016-06-16,-0.008041631088087364
2016-06-17,-0.006490350007656909
2016-06-20,0.018913041634866512
2016-06-21,-0.01726187155628045
2016-06-22,-0.008596753589239947
2016-06-23,-0.004727928967325046
2016-06-24,-0.03589190091859451
2016-06-27,-0.04143570227515453
2016-06-28,-0.0005
2016-06-29,0.0
2016-06-30,0.0
2016-07-01,0.0
2016-07-05,0.0
2016-07-06,0.0
2016-07-07,0.0
2016-07-08,0.0
2016-07-11,0.0
2016-07-12,0.0
2016-07-13,0.0
2016-07-14,0.0
2016-07-15,0.0
2016-07-18,0.0
2016-07-19,0.0
2016-07-20,0.0
2016-07-21,0.0
2016-07-22,0.0
2016-07-25,0.0
2016-07-26,0.0
2016-07-27,0.0
2016-07-28,0.0
2016-07-29,0.0
2016-08-01,0.0
2016-08-02,0.0
2016-08-03,0.0
2016-08-04,-0.11260398597889626
2016-08-05,0.008920388352225306
2016-08-08,-0.0068011614806040566
2016-08-09,-0.030433471771896703
2016-08-10,-0.051409129056063596
2016-08-11,0.03639847985769418
2016-08-12,0.1515712005155836
2016-08-15,-0.00321026980181105
2016-08-16,-0.0193236529503934
2016-08-17,-0.022988561545973396
2016-08-18,0.013445445900458486
2016-08-19,-0.00829190530599544
2016-08-22,0.0033444784051375187
2016-08-23,0.016666650772094727
2016-08-24,-0.01803280905477822
2016-08-25,0.001669487356252386
2016-08-26,-0.008333365122477177
2016-08-29,0.008403393670198822
2016-08-30,0.001666704813639397
2016-08-31,0.0116472033541406
2016-09-01,-0.003289470588401344
2016-09-02,0.009900980750178201
2016-09-06,0.01633985400367921
2016-09-07,-0.017684832859754307
2016-09-08,0.01309327691618889
2016-09-09,-0.021001633802777864
2016-09-12,0.006600653833452208
2016-09-13,-0.07213115804908565
2016-09-14,-0.021201393779886613
2016-09-15,-0.0036101048852397177
2016-09-16,-0.025362294740823077
2016-09-19,0.007434936989250351
2016-09-20,0.005535006005332743
2016-09-21,0.022018415889159648
2016-09-22,0.032315946641153115
2016-09-23,0.029565230659816644
2016-09-26,0.018581103394726073
2016-09-27,0.021558811456142912
2016-09-28,0.005053943774480485
2016-09-29,-0.0017590835116204997
2016-09-30,0.010647018518593546
2016-10-03,-0.008796060704904018
2016-10-04,-0.01715770520502117
2016-10-05,0.03308788899473458
2016-10-06,-0.011202306580869254
2016-10-07,-0.007734486225446778
2016-10-10,0.03443365528937847
2016-10-11,-0.005175279004063264
2016-10-12,-0.010319797268897571
2016-10-13,-0.011400645086671046
2016-10-14,-0.01760710259288178
2016-10-17,-0.007892844842322666
2016-10-18,0.012387366707285203
2016-10-19,0.030250697698895507
2016-10-20,0.00013804892430394978
2016-10-21,-0.00358960759587279
2016-10-24,-0.02098859556520264
2016-10-25,-0.017320124727218035
2016-10-26,-0.01943702375994246
2016-10-27,-0.007270594029653391
2016-10-28,0.0014175971461932169
2016-10-31,-0.017790824744502443
2016-11-01,0.0069152572904382925
2016-11-02,-0.022064548458503086
2016-11-03,-0.07479057707775028
2016-11-04,-0.04104058190241916
2016-11-07,-0.0005
2016-11-08,0.0
2016-11-09,0.0
2016-11-10,0.0
2016-11-11,0.0
2016-11-14,0.0
2016-11-15,0.0
2016-11-16,0.0
2016-11-17,0.0
2016-11-18,0.0
2016-11-21,0.0
2016-11-22,0.0
2016-11-23,0.0
2016-11-25,0.0
2016-11-28,0.0
2016-11-29,-0.07299076859235015
2016-11-30,0.022044115943868237
2016-12-01,-0.01960782480441492
2016-12-02,0.018000030517578036
2016-12-05,0.045186642864155635
2016-12-06,0.026315763527856362
2016-12-07,0.0010298367455686699
2016-12-08,-0.001259549509305624
2016-12-09,-0.008432978870742958
2016-12-12,-0.031101481896983696
2016-12-13,-0.012457328022442066
2016-12-14,-0.024111042456183535
2016-12-15,0.00201273885009709
2016-12-16,0.03369619150717673
2016-12-19,0.027167153652775305
2016-12-20,-0.02692002028128774
2016-12-21,-0.029230431434843603
2016-12-22,-0.005136215348808111
2016-12-23,-0.04057993541036982
2016-12-27,0.056994979034404834
2016-12-28,-0.03265670521301428
2016-12-29,-0.013616396947270404
2016-12-30,-0.00924490813030826
2017-01-03,0.04895808822811709
2017-01-04,0.029964181767931253
2017-01-05,-0.0176239242860509
2017-01-06,-0.007291098515093093
2017-01-09,-0.011030876336724726
2017-01-10,0.018847607453343906
2017-01-11,0.037064893382471834
2017-01-12,-0.02405185045672073
2017-01-13,0.042638869374723276
2017-01-17,0.01853451245890514
2017-01-18,0.01687751693558548
2017-01-19,-0.02824257636413713
2017-01-20,0.019975248077434726
2017-01-23,-0.043230021652786194
2017-01-24,-0.01817071763646294
2017-01-25,0.02638147525461776
2017-01-26,-0.023576685280807225
2017-01-27,-0.018872267261616976
2017-01-30,-0.025664074793262853
2017-01-31,-0.003318377023078615
2017-02-01,-0.0019645457098122487
2017-02-02,-0.009074494049010229
2017-02-03,0.014863570853684172
2017-02-06,-0.014145018990344815
2017-02-07,0.0008065378845036331
2017-02-08,0.01831356318064481
2017-02-09,0.012699634522416625
2017-02-10,0.02685972329705122
2017-02-13,0.0054541285911953175
2017-02-14,0.04602555138190223
2017-02-15,0.032701138526612494
2017-02-16,-0.0221665972503637
2017-02-17,0.007269414592180519
2017-02-21,0.03273158474042488
2017-02-22,-0.05559909251688636
2017-02-23,0.048509674012571
2017-02-24,-0.01427083559863479
2017-02-27,0.002835315279055206
2017-02-28,-0.03632263563094904
2017-03-01,-0.03771584279637801
2017-03-02,0.0024419935489349066
2017-03-03,-0.009598279662928977
2017-03-06,-0.021312502574959064
2017-03-07,-0.0047265364096447104
2017-03-08,-0.0044131722704154885
2017-03-09,-0.0425884606529051
2017-03-10,0.0020452576386953045
2017-03-13,0.008582223500466224
2017-03-14,-0.02243780735855233
2017-03-15,0.025047473455658442
2017-03-16,0.028469723352320564
2017-03-17,-0.03114185572352768
2017-03-20,0.021428585052490234
2017-03-21,-0.030277587202711287
2017-03-22,0.007824844086868454
2017-03-23,0.02973619840166536
2017-03-24,0.027626815285212325
2017-03-27,0.062151131269759574
2017-03-28,0.04571430119527464
2017-03-29,-0.00013071891106430922
2017-03-30,-0.006756750225933805
2017-03-31,-0.02417145549808264
2017-04-03,-0.020136570167659018
2017-04-04,-0.012368115402603519
2017-04-05,0.35248143362575846
2017-04-06,-0.006232526325585297
2017-04-07,-0.025700964514515756
2017-04-10,0.12740995803757138
2017-04-11,0.010540939041977357
2017-04-12,-0.05043699945372093
2017-04-13,-0.016693288728908774
2017-04-17,-0.004682177566401194
2017-04-18,-0.015216068084751067
2017-04-19,0.0003671166794029235
2017-04-20,0.00906903708607476
2017-04-21,0.0
2017-04-24,0.03515316647460032
2017-04-25,0.011201193560892553
2017-04-26,-0.013798242531239235
2017-04-27,0.009570004091651653
2017-04-28,-0.007335155083936748
2017-05-01,0.0005111283182742676
2017-05-02,0.0002494505245069778
2017-05-03,0.004828982279747963
2017-05-04,-0.0006213210869356889
2017-05-05,0.018844126783899833
2017-05-08,0.012091974681504764
2017-05-09,0.00046569407901249794
2017-05-10,0.05708833779995737
2017-05-11,-0.0016503223923876784
2017-05-12,-0.013660235235580723
2017-05-15,0.022276259296976963
2017-05-16,-0.007834777586039527
2017-05-17,-0.031643769507331165
2017-05-18,0.00794037400236251
2017-05-19,0.025245203541470158
2017-05-22,0.002160504656419408
2017-05-23,0.0024031038771894124
2017-05-24,0.027848946068131854
2017-05-25,-0.007125983311940476
2017-05-26,-0.012048561517518503
2017-05-30,0.033946432600194656
2017-05-31,-0.011447290957504
2017-06-01,0.0016196432752952539
2017-06-02,-0.0014661450813997499
2017-06-05,-0.011740552678915384
2017-06-06,-0.0016027692630462922
2017-06-07,-0.013137727443110404
2017-06-08,0.05369673116298227
2017-06-09,-0.01008934405522155
2017-06-12,-0.0004253188908803034
2017-06-13,0.00912464758900655
2017-06-14,0.005012640404071678
2017-06-15,-0.010832891884418605
2017-06-16,0.016808655774285624
2017-06-19,0.01426734913481073
2017-06-20,0.009571317656309142
2017-06-21,0.009344895093155902
2017-06-22,0.03466837576607307
2017-06-23,0.024361614908449437
2017-06-26,-0.017218600613485326
2017-06-27,-0.0054575423135981415
2017-06-28,0.011631094498255966
2017-06-29,-0.010372547844608726
2017-06-30,-0.003849255873890179
2017-07-03,0.004005181704650675
2017-07-05,-0.038958163004164575
2017-07-06,0.005720919145393233
2017-07-07,0.01002870940733056
2017-07-10,0.01546238229119532
2017-07-11,-0.006511467968919949
2017-07-12,0.027880976767291447
2017-07-13,-0.0027537381535007953
2017-07-14,0.01105018998213423
2017-07-17,-0.007600028658122527
2017-07-18,0.01112190717675161
2017-07-19,0.01648266194405823
2017-07-20,0.013405925271075734
2017-07-21,0.030764490079367168
2017-07-24,0.009241682497405757
2017-07-25,0.017509815343494807
2017-07-26,0.0021323411067093673
2017-07-27,-0.01915974153463753
2017-07-28,0.0294256247177942
2017-07-31,-0.003191508261776543
2017-08-01,0.010718774164994073
2017-08-02,-0.0249191075673086
2017-08-03,0.03838927857612988
2017-08-04,0.007011125693961563
2017-08-07,0.005238248323222594
2017-08-08,-0.028144786135115223
2017-08-09,-0.0046562471991616235
2017-08-10,-0.04655299710030412
2017-08-11,0.01418384263045187
2017-08-14,0.024762318333525858
2017-08-15,0.000542734641047223
2017-08-16,-0.009726425171631395
2017-08-17,-0.027804824818200014
2017-08-18,0.012674049748388594
2017-08-21,-0.029979292445838968
2017-08-22,0.008265698698638394
2017-08-23,0.013173586018476029
2017-08-24,0.03952815919169968
2017-08-25,-0.027687171328401483
2017-08-28,0.004560549304757651
2017-08-29,-0.0021722031429406057
2017-08-30,-0.006444350544635805
2017-08-31,-0.015559233463576683
2017-09-01,0.0259375874922389
2017-09-05,0.0286123063230376
2017-09-06,0.004506649307726068
2017-09-07,0.04710565163892971
2017-09-08,-0.011929351318465065
2017-09-11,-0.020812882824331358
2017-09-12,0.010012454967457035
2017-09-13,0.013405257795229275
2017-09-14,-0.0004057854401299689
2017-09-15,0.04106756993862126
2017-09-18,0.0002925059406259749
2017-09-19,-0.003225476972258495
2017-09-20,0.033517696657868495
2017-09-21,-0.04786938476895322
2017-09-22,0.029433588645990938
2017-09-25,-0.027975737054577204
2017-09-26,-8.236583937862307e-05
2017-09-27,0.04500459697332437
2017-09-28,-0.001166832240153265
2017-09-29,-0.0028774558650797033
2017-10-02,0.023889720057609087
2017-10-03,0.018487832838644636
2017-10-04,-0.011001851231695725
2017-10-05,0.006060479460276463
2017-10-06,0.005450842214521301
2017-10-09,-0.023921636441787963
2017-10-10,0.0009560173730178423
2017-10-11,-0.010437398967136774
2017-10-12,0.007184368780643102
2017-10-13,-0.0009775177013100211
2017-10-16,0.007009682227058001
2017-10-17,-0.014434808126214393
2017-10-18,-0.031675120039383914
2017-10-19,-0.0027557310720909547
2017-10-20,0.023027626265924507
2017-10-23,0.0088548161075509
2017-10-24,0.007929006803607197
2017-10-25,-0.02021928747552944
2017-10-26,0.009492764764983397
2017-10-27,0.08874068741551522
2017-10-30,0.017675810452681517
2017-10-31,-0.00929140643308718
2017-11-01,0.008267727573810252
2017-11-02,0.0034874772299789414
2017-11-03,0.015954916153773036
2017-11-06,0.05120090329002311
2017-11-07,-0.02914378834804232
2017-11-08,-0.034146755429154185
2017-11-09,0.06943834145980701
2017-11-10,0.002847247450078444
2017-11-13,0.050367141209232164
2017-11-14,0.012829007822123317
2017-11-15,0.013820325399258565
2017-11-16,0.01594700630840387
2017-11-17,-0.0025140891148129896
2017-11-20,-0.0075490148312248595
2017-11-21,0.011082170565240607
2017-11-22,0.004793620833730583
2017-11-24,-0.005385364698096057
2017-11-27,0.03564141820688155
2017-11-28,0.0024600439929428064
2017-11-29,-0.054347923008377014
2017-11-30,0.01273265837641524
2017-12-01,-0.025378250619032122
2017-12-04,-0.04079601189085322
2017-12-05,0.04027369474082049
2017-12-06,0.016582279238336883
2017-12-07,0.050926242090284846
2017-12-08,0.016908684894065384
2017-12-11,0.006322487682974498
2017-12-12,-0.017619810075552467
2017-12-13,-0.0031200136578444226
2017-12-14,0.010630639272063647
2017-12-15,0.02494522233276597
2017-12-18,0.012933556962721582
2017-12-19,-0.01706692316349473
2017-12-20,0.003351734034617193
2017-12-21,0.001409755290878889
2017-12-22,-0.004360430724037967
2017-12-26,-0.0208324872443848
2017-12-27,0.00844733127089392
2017-12-28,0.013476837817594123
2017-12-29,-0.02007500414339819
2018-01-02,0.023244112416633156
2018-01-03,0.006507232859638334
2018-01-04,-0.017445579721761084
2018-01-05,0.002302919292640297
2018-01-08,0.008344871428860682
2018-01-09,-0.010284359964299659
2018-01-10,-0.006630741050003681
2018-01-11,0.05543524558415476
2018-01-12,-0.019991496966455562
2018-01-16,-0.031636197798747046
2018-01-17,0.013248455200109088
2018-01-18,-0.020823784339361346
2018-01-19,-0.00851262328712236
2018-01-22,-0.0037427578896428813
2018-01-23,0.02673236302994046
2018-01-24,-0.0018788186613210023
2018-01-25,0.014312472309456759
2018-01-26,0.0037729501425165513
2018-01-29,0.010111869404708021
2018-01-30,-0.018672167076153972
2018-01-31,-0.01425648572575914
2018-02-01,-0.01644814220375105
2018-02-02,-0.02697451542072656
2018-02-05,-0.024608472819124295
2018-02-06,-0.009287334587287217
2018-02-07,-0.02391306559244788
2018-02-08,-0.07106523351054489
2018-02-09,0.0038859607845351256
2018-02-12,0.16157210923194243
2018-02-13,0.0714285010041813
2018-02-14,-0.06315783661818375
2018-02-15,0.033707832059029164
2018-02-16,0.012005340394604935
2018-02-20,-0.02419919327003158
2018-02-21,0.02926097674188965
2018-02-22,-0.038982432683739465
2018-02-23,0.025581829226247223
2018-02-26,0.043322879444643705
2018-02-27,-0.005414418354705684
2018-02-28,0.05969373537071357
2018-03-01,0.009787385667067272
2018-03-02,0.025211087959775114
2018-03-05,0.03185622776773959
2018-03-06,0.035743233007776334
2018-03-07,-0.02044264991374012
2018-03-08,-0.0016429545936181567
2018-03-09,0.01653599628836594
2018-03-12,0.028680212032074714
2018-03-13,-0.014673677584244206
2018-03-14,0.024451388543107355
2018-03-15,0.00256279392635197
2018-03-16,0.029776014954024935
2018-03-19,0.0005481454933641047
2018-03-20,0.020705512674258533
2018-03-21,0.013002786153974301
2018-03-22,-0.018345351226877395
2018-03-23,-0.005364832018487387
2018-03-26,0.0358073954897598
2018-03-27,-0.010173126826283376
2018-03-28,-0.04011553601092053
2018-03-29,0.013621806550054252
2018-04-02,-0.010741501434989996
2018-04-03,-0.001730251794283057
2018-04-04,0.0210002298161178
2018-04-05,0.02012430202148091
2018-04-06,-0.059585239792438655
2018-04-09,0.009327611126446728
2018-04-10,-0.007204646632850429
2018-04-11,0.00518437637474863
2018-04-12,0.0026076615827960907
2018-04-13,-0.006835428485705841
2018-04-16,-0.00910454544752189
2018-04-17,0.03357309999709586
2018-04-18,0.03152495720354549
2018-04-19,-0.0083186950013171
2018-04-20,-0.0105002516615319
2018-04-23,-0.020883884460297802
2018-04-24,-0.011184385114986428
2018-04-25,-0.00800314080840055
2018-04-26,0.014557328665070868
2018-04-27,0.006202411469169111
2018-04-30,-0.031098080131021475
2018-05-01,-0.011151358105723874
2018-05-02,0.007164660468643575
2018-05-03,-0.01628802157279189
2018-05-04,0.008070760150938458
2018-05-07,0.038094771364761915
2018-05-08,-0.006790669082032111
2018-05-09,0.04015651880626214
2018-05-10,0.11506899853461205
2018-05-11,-0.008410370776759879
2018-05-14,0.029094026405799167
2018-05-15,-0.002975235968818657
2018-05-16,0.00429148963070497
2018-05-17,-0.00028692766566135175
2018-05-18,-0.006390154426642453
2018-05-21,0.020699093053232254
2018-05-22,-0.011223987400313551
2018-05-23,-0.012515417575788057
2018-05-24,-0.01052656918314862
2018-05-25,-0.042104091213320954
2018-05-29,0.013625919690073908
2018-05-30,0.0368039436777674
2018-05-31,-0.023036179133229272
2018-06-01,0.011054481360480336
2018-06-04,0.002902489069203207
2018-06-05,0.005611718017315637
2018-06-06,-0.03822011456624819
2018-06-07,-0.009648609927331575
2018-06-08,-0.010561829407976508
2018-06-11,-0.0044400503320612406
2018-06-12,0.06724678834715636
2018-06-13,0.036323186021636866
2018-06-14,0.014306206687290102
2018-06-15,-0.07812333144404132
2018-06-18,0.042998009581193375
2018-06-19,0.006749536967905645
2018-06-20,-0.000323048566778783
2018-06-21,-0.0012626336907273217
2018-06-22,0.03872850264353278
2018-06-25,0.012049748801212401
2018-06-26,0.02478139151352765
2018-06-27,-0.04837646062826295
2018-06-28,0.008370587581028321
2018-06-29,-0.011995927824758446
2018-07-02,0.06924390114110646
2018-07-03,-0.0073501911089211
2018-07-05,0.02713886086603845
2018-07-06,0.006858167465644679
2018-07-09,0.02294506191870696
2018-07-10,-0.0004540796621492095
2018-07-11,-0.015573320516882695
2018-07-12,0.014862779864997355
2018-07-13,-0.01065735198735096
2018-07-16,-0.01048154985103249
2018-07-17,-0.014742604038429821
2018-07-18,0.0014326427887486168
2018-07-19,0.016261957540413596
2018-07-20,-0.03107800276669428
2018-07-23,-0.0008695446756313619
2018-07-24,-0.00535951546602338
2018-07-25,0.025818446681420637
2018-07-26,-0.0221274358407954
2018-07-27,-0.02174552210583846
2018-07-30,-0.022922452828216033
2018-07-31,0.021975273060663658
2018-08-01,0.017185789565853538
2018-08-02,0.01288841457559653
2018-08-03,-0.05912317798557315
2018-08-06,0.009459821443093883
2018-08-07,-0.0005614194829092942
2018-08-08,0.02373345177193209
2018-08-09,-0.0170466932193171
2018-08-10,-0.034569483882186613
2018-08-13,-0.008599804643026435
2018-08-14,-0.004383484738594012
2018-08-15,-0.02053020933823224
2018-08-16,0.031147803832820342
2018-08-17,0.0013763211558037725
2018-08-20,0.007865036261396063
2018-08-21,0.005829516570237114
2018-08-22,-0.0035896567723812667
2018-08-23,0.0060601516546325285
2018-08-24,0.0024571962239053335
2018-08-27,-0.002411679092998331
2018-08-28,-0.008905698107492033
2018-08-29,0.013428964575578406
2018-08-30,-0.016187786499029633
2018-08-31,0.006965099008152842
2018-09-04,-0.01246861447045644
2018-09-05,-0.01074369497342792
2018-09-06,-0.016062721968333193
2018-09-07,-0.008414478180904517
2018-09-10,-0.02704496617698332
2018-09-11,0.00552161371358334
2018-09-12,0.009287941297282165
2018-09-13,-0.01002048390954502
2018-09-14,-0.004131393587478938
2018-09-17,-0.009541570072769678
2018-09-18,0.037696319100744446
2018-09-19,0.0010090663537922762
2018-09-20,0.01391133997244487
2018-09-21,-0.006164274560498173
2018-09-24,0.0050020008461331145
2018-09-25,-0.011546844946110801
2018-09-26,-0.02215513101736777
2018-09-27,-0.0006178945369369471
2018-09-28,-0.0020610529240495667
2018-10-01,0.01156549761396275
2018-10-02,0.005076228696902552
2018-10-03,-0.027625017015673173
2018-10-04,-0.03083817124309551
2018-10-05,-0.017008345121286867
2018-10-08,-0.002089417459135194
2018-10-09,-0.0038525984655859804
2018-10-10,-0.046442004335634134
2018-10-11,0.038594321621860196
2018-10-12,0.02222220102945971
2018-10-15,0.07391307818191106
2018-10-16,-0.010121495982936546
2018-10-17,0.006135012398253981
2018-10-18,-0.010162640235673814
2018-10-19,-0.026694069300988055
2018-10-22,-0.008438810925003759
2018-10-23,-0.040425444275285605
2018-10-24,-0.05543236969235865
2018-10-25,0.032863816658137424
2018-10-26,-0.04772728036257834
2018-10-29,-0.0005
2018-10-30,0.0
2018-10-31,0.0
2018-11-01,0.0
2018-11-02,0.0
2018-11-05,0.04610189644152646
2018-11-06,-0.04452686030856057
2018-11-07,0.09514558486298519
2018-11-08,-0.008173553338168715
2018-11-09,-0.033031705550972845
2018-11-12,-0.0059996258824979165
2018-11-13,-0.011538954611039098
2018-11-14,0.015284787441631698
2018-11-15,0.03401139066339176
2018-11-16,-0.010028252600070009
2018-11-19,-0.025390428807384624
2018-11-20,-0.07367373623992207
2018-11-21,0.04102540366083235
2018-11-23,0.010577714796129012
2018-11-26,0.04911430377859283
2018-11-27,0.08288564434680801
2018-11-28,0.020289044294060365
2018-11-29,-0.009926742687415039
2018-11-30,-0.02378663226749785
2018-12-03,0.02884451235536023
2018-12-04,-0.03909568788717517
2018-12-06,0.01769967237839365
2018-12-07,-0.04041965475373166
2018-12-10,0.011464482291100309
2018-12-11,-0.0024503589892157507
2018-12-12,0.015073674354119632
2018-12-13,0.003937736781957968
2018-12-14,-0.03567018310873607
2018-12-17,-0.02004042959318289
2018-12-18,-0.02359833576378717
2018-12-19,-0.0171503886243857
2018-12-20,-0.017217664540543725
2018-12-21,-0.0474774802956065
2018-12-24,-0.032805735714946216
2018-12-26,-0.0005
2018-12-27,0.0
2018-12-28,0.0
2018-12-31,0.0
2019-01-02,0.0
2019-01-03,0.0
2019-01-04,0.0
2019-01-07,-0.011942115345179916
2019-01-08,0.009609054769854408
2019-01-09,-0.020729708806172475
2019-01-10,-0.0115625626912923
2019-01-11,0.007831184472702202
2019-01-14,-0.018240393315360426
2019-01-15,0.005701208697766061
2019-01-16,0.0318561529886275
2019-01-17,0.01699513121208277
2019-01-18,-0.01932075313311543
2019-01-22,-0.020259493249966565
2019-01-23,0.008759136493832342
2019-01-24,0.033241701184774486
2019-01-25,0.01627034822683432
2019-01-28,0.01988962382193843
2019-01-29,0.0030952341244646353
2019-01-30,0.010220786547411043
2019-01-31,0.02911015092684552
2019-02-01,-0.022361623705346334
2019-02-04,0.01685747440622326
2019-02-05,0.01761451537583808
2019-02-06,0.0030519249368283485
2019-02-07,-0.00023373954996247504
2019-02-08,0.003756673897522461
2019-02-11,0.025131056630756543
2019-02-12,-0.00779783768540776
2019-02-13,0.0163171737618103
2019-02-14,0.002265141857214492
2019-02-15,-0.0171980691887371
2019-02-19,0.020845793879505893
2019-02-20,-0.008032596539990312
2019-02-21,0.008335980207877914
2019-02-22,0.022407871486109013
2019-02-25,-0.01347083593104781
2019-02-26,0.005179369841020187
2019-02-27,0.029935024299271792
2019-02-28,0.00375447451354598
2019-03-01,0.0065006445152383735
2019-03-04,0.0014652541570621342
2019-03-05,-0.012050559933015625
2019-03-06,-0.02599526741215912
2019-03-07,0.0015506210951724102
2019-03-08,0.003492859324890874
2019-03-11,0.039881595558031654
2019-03-12,0.008649364478262722
2019-03-13,0.03025804989948511
2019-03-14,0.01406280176262216
2019-03-15,-0.03608173894421172
2019-03-18,0.020954984893188623
2019-03-19,-0.012481901654681049
2019-03-20,0.0017336051639519345
2019-03-21,-0.0036401792804096732
2019-03-22,-0.03764825818175626
2019-03-25,-0.022923147322436187
2019-03-26,-0.0058256851413679145
2019-03-27,-0.0002578342432489611
2019-03-28,0.01906678130297551
2019-03-29,0.0023255748117120556
2019-04-01,0.003746651593936029
2019-04-02,0.012803099572630205
2019-04-03,0.024924740885015673
2019-04-04,0.007393198343386503
2019-04-05,0.024793245180240286
2019-04-08,0.027088191126159344
2019-04-09,-0.029827397704798787
2019-04-10,0.03991861652705019
2019-04-11,-0.010254768613256936
2019-04-12,-0.00527195088292427
2019-04-15,-0.011477826436033789
2019-04-16,0.02001243285322714
2019-04-17,0.007515513561669242
2019-04-18,-0.0107378002154493
2019-04-22,-0.007934269670052663
2019-04-23,0.028368107237273767
2019-04-24,0.01104558444495476
2019-04-25,0.001189949630942501
2019-04-26,0.012876941671009768
2019-04-29,-0.005492647813310003
2019-04-30,-0.03385043958269816
2019-05-01,0.05901391481199831
2019-05-02,-0.008491032187670378
2019-05-03,0.04012253904538113
2019-05-06,-0.007888592325324083
2019-05-07,0.057068109472083746
2019-05-08,-0.021581914052868623
2019-05-09,-0.03335767962385781
2019-05-10,0.012795929725397009
2019-05-13,-0.03947971305575357
2019-05-14,0.019359961991102688
2019-05-15,0.0257148548220704
2019-05-16,0.02857961816998429
2019-05-17,-0.014657327711804946
2019-05-20,-0.016555664624482287
2019-05-21,0.02063769424589908
2019-05-22,0.009268397719564595
2019-05-23,-0.03062748438974194
2019-05-24,0.016196964812436855
2019-05-28,0.026820010346588465
2019-05-29,-0.00942758430015353
2019-05-30,0.006510432505995117
2019-05-31,-0.0267488729077493
2019-06-03,0.013393948088999824
2019-06-04,0.018718129216015317
2019-06-05,-0.002079232903955147
2019-06-06,0.00406257895373377
2019-06-07,0.015767042363630385
2019-06-10,0.01296918066340777
2019-06-11,0.01489148085739303
2019-06-12,-0.02832722782660707
2019-06-13,0.03453368335372842
2019-06-14,-0.022741695890642278
2019-06-17,0.00011160423697904528
2019-06-18,0.03143667891682349
2019-06-19,-0.0017500985745309448
2019-06-20,0.007094428054761726
2019-06-21,-0.012930774373310628
2019-06-24,-0.015126509354357352
2019-06-25,-0.03155868995851679
2019-06-26,0.013733749926878647
2019-06-27,0.037443158949869715
2019-06-28,0.013009252661847825
2019-07-01,0.016291438845979722
2019-07-02,0.013988275314701148
2019-07-03,0.0002961944383046422
2019-07-05,0.014572044329103528
2019-07-08,-0.0038262548682584108
2019-07-09,0.006987865978119234
2019-07-10,-0.009323267647849853
2019-07-11,-0.015002225173341877
2019-07-12,0.010979469603743519
2019-07-15,-0.003604159025639264
2019-07-16,0.00765456576050208
2019-07-17,0.005285572512808978
2019-07-18,0.006351291187402658
2019-07-19,0.004261351946733827
2019-07-22,0.005925987693393198
2019-07-23,-0.035889933619747294
2019-07-24,0.0023546755998249402
2019-07-25,-0.0016717438356380898
2019-07-26,0.011642844407911523
2019-07-29,0.011265149415790682
2019-07-30,0.008092341799302516
2019-07-31,0.07549087310502131
2019-08-01,0.038829729063878216
2019-08-02,-0.016348217626695583
2019-08-05,-0.053873837029473876
2019-08-06,0.024422933388839163
2019-08-07,0.10189745381997395
2019-08-08,-0.003998531239490177
2019-08-09,-0.02980606518451015
2019-08-12,-0.006221180994068791
2019-08-13,0.024962373921042794
2019-08-14,-0.0490907391059954
2019-08-15,-0.013600381274396592
2019-08-16,0.045838307058573946
2019-08-19,0.02298701070812692
2019-08-20,0.007181192347625042
2019-08-21,0.02587717735201811
2019-08-22,-0.036660602734469507
2019-08-23,-0.019508167064114623
2019-08-26,0.025664056684021382
2019-08-27,-0.019336639133231838
2019-08-28,0.00650108541788826
2019-08-29,-0.015972498870981434
2019-08-30,-0.023835877558157928
2019-09-03,-0.04586189254360173
2019-09-04,0.04638408626207898
2019-09-05,-0.022915757269900805
2019-09-06,-0.008683313172962392
2019-09-09,-0.007682290075409619
2019-09-10,0.02848229181875191
2019-09-11,0.017658386300724693
2019-09-12,0.0014705179658014988
2019-09-13,0.03141890507008149
2019-09-16,0.02258532923835854
2019-09-17,0.0283304934141078
2019-09-18,0.009802778796113873
2019-09-19,0.007237063623482976
2019-09-20,-0.004837736508453233
2019-09-23,0.0070407986982573
2019-09-24,-0.03484883050408294
2019-09-25,0.012531375877716827
2019-09-26,-0.03425375776970446
2019-09-27,-0.03906018043619355
2019-09-30,0.01568330956536093
2019-10-01,-0.02722424424200362
2019-10-02,-0.03724825848776679
2019-10-03,0.0011639800525209045
2019-10-04,0.041712004448517935
2019-10-07,0.009306369864111042
2019-10-08,0.010906778286397523
2019-10-09,-0.0054949247357096165
2019-10-10,0.02424008492454721
2019-10-11,0.0199918408399421
2019-10-14,-0.00769525392446635
2019-10-15,-0.0240115989341933
2019-10-16,-0.013557024803378226
2019-10-17,-0.006421339030988793
2019-10-18,0.021754897290965393
2019-10-21,-0.0039586545467018945
2019-10-22,-0.03903519329713671
2019-10-23,0.04068987024027744
2019-10-24,0.010824168092802105
2019-10-25,-0.017866792093376382
2019-10-28,0.007278594034114794
2019-10-29,-0.02152368881992461
2019-10-30,-0.041910806495628984
2019-10-31,-0.004912701337323503
2019-11-01,0.010480258892476203
2019-11-04,-0.027618049946455815
2019-11-05,0.013761224719929355
2019-11-06,-0.006052889926740801
2019-11-07,-0.0337292197482306
2019-11-08,0.0009550999091297863
2019-11-11,0.07642309035889422
2019-11-12,0.04421764404496087
2019-11-13,0.10097725991500961
2019-11-14,0.01183430783985151
2019-11-15,0.020467816281060536
2019-11-18,0.07449856439907832
2019-11-19,-0.09599997202555344
2019-11-20,0.02654864642603183
2019-11-21,-0.031609233595260355
2019-11-22,0.0029674270686739224
2019-11-25,0.09467453325685127
2019-11-26,0.02770972117086795
2019-11-27,0.017630799589083535
2019-11-29,-0.027871084331630658
2019-12-02,-0.008636547819284801
2019-12-03,-0.013873229303550057
2019-12-04,0.004127743352680551
2019-12-05,-0.04156870873918113
2019-12-06,0.021556720519322854
2019-12-09,-0.011105311033779763
2019-12-10,-0.005558979887905324
2019-12-11,0.019835320061715324
2019-12-12,0.01507035193367164
2019-12-13,0.023826970959847798
2019-12-16,0.03451736868103598
2019-12-17,-0.005041266127863375
2019-12-18,0.0012375447978017298
2019-12-19,0.01172388832789703
2019-12-20,-0.002988339128246864
2019-12-23,0.00914797448775767
2019-12-24,0.008482914902118721
2019-12-26,0.006152793283971669
2019-12-27,-0.02499477110265519
2019-12-30,-0.021755419722686964
2019-12-31,0.010328642467592603
2020-01-02,0.06088625352934479
2020-01-03,0.003273237385645028
2020-01-06,-0.008600597666222176
2020-01-07,0.01329745300512466
2020-01-08,0.02485502506066757
2020-01-09,0.004527319867116119
2020-01-10,0.00017938275505688904
2020-01-13,0.0038487072224268944
2020-01-14,0.00012402412144527607
2020-01-15,-0.007892385192498972
2020-01-16,0.017779622077776416
2020-01-17,0.012851441481415682
2020-01-21,0.0058284565607424005
2020-01-22,-0.018295243721646773
2020-01-23,0.0044398460290029605
2020-01-24,0.0027234732040419822
2020-01-27,-0.05770435087877346
2020-01-28,0.05441119180619354
2020-01-29,-0.002173073841367801
2020-01-30,0.009776780957893784
2020-01-31,-0.037809335709152306
2020-02-03,0.025069422377073526
2020-02-04,0.07283823342227974
2020-02-05,0.004904609004838745
2020-02-06,0.01786305950115466
2020-02-07,-0.012551799900280047
2020-02-10,0.02957044783772894
2020-02-11,0.018998025475512104
2020-02-12,0.043843519877671655
2020-02-13,-0.0036443736023742956
2020-02-14,-0.0022331024025287194
2020-02-18,0.016446905445683585
2020-02-19,0.20395254568719856
2020-02-20,0.03525360887717702
2020-02-21,-0.038640015235946026
2020-02-24,-0.031223559788836442
2020-02-25,-0.05621927497544564
2020-02-26,0.006236450437080203
2020-02-27,-0.0464509468213227
2020-02-28,-0.028156519406879226
2020-03-02,0.031411447150293925
2020-03-03,-0.0003107481513686672
2020-03-04,0.0547956074233662
2020-03-05,0.013484536745503206
2020-03-06,-0.030536550481754632
2020-03-09,-0.16259181994307992
2020-03-10,-0.0005
2020-03-11,0.0
2020-03-12,0.0
2020-03-13,0.0
2020-03-16,0.0
2020-03-17,0.0
2020-03-18,0.0
2020-03-19,0.0
2020-03-20,0.0
2020-03-23,0.0
2020-03-24,0.0
2020-03-25,0.0
2020-03-26,0.0
2020-03-27,0.0
2020-03-30,0.0
2020-03-31,0.0
2020-04-01,0.0
2020-04-02,0.0
2020-04-03,0.0
2020-04-06,0.0
2020-04-07,0.0
2020-04-08,0.0
2020-04-09,0.03934573717894024
2020-04-13,-0.01708053713295913
2020-04-14,0.05964365438022576
2020-04-15,-0.040039708224853005
2020-04-16,0.016697918523306543
2020-04-17,0.02108386701759507
2020-04-20,-0.02117597572104543
2020-04-21,-0.06344446892131739
2020-04-22,0.05787185852697152
2020-04-23,0.033445454375240095
2020-04-24,-0.013605352444961484
2020-04-27,0.030467203824836454
2020-04-28,0.033823264589742275
2020-04-29,0.08428246136841593
2020-04-30,-0.05453827121589941
2020-05-01,-0.06409050842106377
2020-05-04,0.030144221604733935
2020-05-05,0.003039963709274907
2020-05-06,0.08008167706908743
2020-05-07,-0.002721531408063039
2020-05-08,0.045779193124952294
2020-05-11,-0.003395386426164793
2020-05-12,-0.02544960915586001
2020-05-13,-0.030138921179078817
2020-05-14,0.006938283900373609
2020-05-15,0.00689885270685282
2020-05-18,0.06810745064189622
2020-05-19,0.027800071618846636
2020-05-20,0.0058231320620368635
2020-05-21,-0.015470867400251343
2020-05-22,-0.027496701664161186
2020-05-26,0.043461969496671894
2020-05-27,0.016027576083798678
2020-05-28,-0.020248967428475012
2020-05-29,0.020011202362612723
2020-06-01,0.0416354882576242
2020-06-02,-0.007216137757606517
2020-06-03,0.021471522545673416
2020-06-04,0.03248534220418267
2020-06-05,0.01877995841969482
2020-06-08,0.05248863149617372
2020-06-09,-0.022202521875841652
2020-06-10,0.006988482810106389
2020-06-11,-0.08544308938901607
2020-06-12,0.0259506704638249
2020-06-15,0.03879178127922297
2020-06-16,0.03848755689568491
2020-06-17,-0.03964051782966508
2020-06-18,0.025768361303198706
2020-06-19,0.005555634486761958
2020-06-22,-0.0027449832313716964
2020-06-23,0.006777551676525606
2020-06-24,0.02542086970876023
2020-06-25,-0.017649835314273526
2020-06-26,-0.056007011685870245
2020-06-29,0.07903778596542166
2020-06-30,0.011854329275756765
2020-07-01,0.026064053294218865
2020-07-02,0.01669585843134872
2020-07-06,0.0781576765671829
2020-07-07,0.052508848418309384
2020-07-08,0.06318325661883846
2020-07-09,-0.015872838112051667
2020-07-10,0.018015016885195294
2020-07-13,-0.03459211691937465
2020-07-14,0.09409346792196896
2020-07-15,0.030968390693935866
2020-07-16,-0.017512750732024518
2020-07-17,0.026596528067841352
2020-07-20,0.0402600976833567
2020-07-21,-0.019930072416284084
2020-07-22,0.02221660293473765
2020-07-23,0.017852114695911442
2020-07-24,-0.024854878517057227
2020-07-27,0.03369874748862156
2020-07-28,-0.05651828965524128
2020-07-29,-0.004644290662643019
2020-07-30,-0.003298232503233911
2020-07-31,0.004437250664675624
2020-08-03,0.027792187541062108
2020-08-04,0.1009308740630111
2020-08-05,0.07029505790303386
2020-08-06,-0.027468232692808653
2020-08-07,0.0431650063472427
2020-08-10,0.015143807419649824
2020-08-11,-0.0589242536904588
2020-08-12,0.032061730360126585
2020-08-13,0.04729159326501056
2020-08-14,-0.017598404438438187
2020-08-17,0.02665912185124602
2020-08-18,0.005551563429832384
2020-08-19,0.02797732530318231
2020-08-20,-0.02393211992051565
2020-08-21,-0.0033770553671127693
2020-08-24,0.007196522601764866
2020-08-25,0.0188712076027606
2020-08-26,0.002073664370775119
2020-08-27,-0.003081749133388146
2020-08-28,0.0377782193446711
2020-08-31,-0.003043354311507018
2020-09-01,0.03475625360281791
2020-09-02,-0.027948221567111853
2020-09-03,-0.10427162724410893
2020-09-04,-0.018247500625197997
2020-09-08,-0.03344993992188777
2020-09-09,0.033087921427247646
2020-09-10,-0.025244039548569686
2020-09-11,0.00028622510567521964
2020-09-14,0.022171296540832053
2020-09-15,0.02566465138030677
2020-09-16,0.004438449695158608
2020-09-17,-0.07784982179090555
2020-09-18,0.022013443250706588
2020-09-21,-0.010844558672249649
2020-09-22,0.04318934287658216
2020-09-23,-0.01719742085156073
2020-09-24,-0.01766040393761792
2020-09-25,0.0961569835667273
2020-09-28,0.08305754361273543
2020-09-29,0.011392048577130609
2020-09-30,0.03613227939840742
2020-10-01,0.0551841113431631
2020-10-02,-0.0034622818628583236
2020-10-05,0.07732876339495637
2020-10-06,0.008289225403109834
2020-10-07,0.08072458572109155
2020-10-08,-0.042012468516629695
2020-10-09,0.03134948107523794
2020-10-12,-0.04225036092523582
2020-10-13,0.010307293914192389
2020-10-14,0.014806907695514404
2020-10-15,-0.00586818750100257
2020-10-16,-0.005486959735798325
2020-10-19,0.014160753721397412
2020-10-20,0.004808519352514196
2020-10-21,-0.08578086799612644
2020-10-22,0.01132941532695313
2020-10-23,0.013511276631931819
2020-10-26,-0.016870782246430384
2020-10-27,-0.035244585792084115
2020-10-28,0.13187366893039024
2020-10-29,-0.06269423027738907
2020-10-30,-0.004687811994130597
2020-11-02,0.021137234616713352
2020-11-03,-0.01856228526502901
2020-11-04,-0.0855112249787292
2020-11-05,0.08924546071100825
2020-11-06,0.011234175758924122
2020-11-09,0.0026443392535141497
2020-11-10,-0.04756619591505188
2020-11-11,0.09769100183336513
2020-11-12,-0.01347546232909528
2020-11-13,-0.007985298733854784
2020-11-16,0.03296919550538827
2020-11-17,-0.0072304211658419035
2020-11-18,0.005034829830448229
2020-11-19,0.027191733757664815
2020-11-20,0.017122580273757487
2020-11-23,0.051241579529178294
2020-11-24,0.02159302164340715
2020-11-25,0.012149850202119755
2020-11-27,0.012717116151283459
2020-11-30,-0.022328504198501676
2020-12-01,-0.03870555044519901
2020-12-02,-0.011165978968613753
2020-12-03,-0.015577924921620646
2020-12-04,0.011436703719437547
2020-12-07,0.0010180126970360027
2020-12-08,0.059866687082492376
2020-12-09,-0.05297971174221949
2020-12-10,0.014477038442105017
2020-12-11,0.028705670087062457
2020-12-14,0.0014167301924130904
2020-12-15,0.08438003918111087
2020-12-16,0.002522746537528847
2020-12-17,0.017109738313930617
2020-12-18,0.020665017355315562
2020-12-21,0.026342930628879102
2020-12-22,0.06089118021318163
2020-12-23,0.002067344514767245
2020-12-24,-0.004302940294195201
2020-12-28,-0.025829102680400395
2020-12-29,-0.03963005316824251
2020-12-30,0.03940915191483141
2020-12-31,0.0043572293781665595
2021-01-04,-0.012393358884582685
2021-01-05,0.007549631255735998
2021-01-06,0.10835706466895943
2021-01-07,0.11584363829621269
2021-01-08,0.025738491218963058
2021-01-11,-0.009575939687618074
2021-01-12,0.0426774768186966
2021-01-13,-0.004747814010873364
2021-01-14,-0.0036739375579134754
2021-01-15,-0.09673898327563023
2021-01-19,0.053675150437018405
2021-01-20,-0.02436259836534449
2021-01-21,0.046245599932079
2021-01-22,0.013945796468773844
2021-01-25,-0.02581929591442137
2021-01-26,0.011738587770832996
2021-01-27,-0.06069129394849218
2021-01-28,0.017478670904915356
2021-01-29,-0.04446751771153823
2021-02-01,0.001146278304299475
2021-02-02,-0.0020553012575177942
2021-02-03,0.03283776569349561
2021-02-04,0.0003832012234791238
2021-02-05,-0.02007379770929718
2021-02-08,0.01823405844793824
2021-02-09,0.0173196666026616
2021-02-10,-0.033011350174059484
2021-02-11,-0.004094371794479745
2021-02-12,-0.00042710389725875153
2021-02-16,-0.04327804393676704
2021-02-17,-0.009831600409844099
2021-02-18,-0.05120998590611675
2021-02-19,0.018165550839443323
2021-02-22,-0.10338823888007243
2021-02-23,0.023830876599688633
2021-02-24,0.042526584664911216
2021-02-25,-0.07730004152529857
2021-02-26,-0.0005
2021-03-01,0.0
2021-03-02,0.0
2021-03-03,0.0
2021-03-04,0.0
2021-03-05,0.0
2021-03-08,0.0
2021-03-09,0.0
2021-03-10,0.0
2021-03-11,0.0
2021-03-12,0.0
2021-03-15,0.0
2021-03-16,0.0
2021-03-17,0.0
2021-03-18,0.0
2021-03-19,0.0
2021-03-22,0.0
2021-03-23,0.0
2021-03-24,0.0
2021-03-25,0.0
2021-03-26,0.0
2021-03-29,-0.048113510500767454
2021-03-30,0.060286706679931745
2021-03-31,0.008898697368815434
2021-04-01,-0.013172983799291549
2021-04-05,-0.03517119820812409
2021-04-06,0.013113526249678209
2021-04-07,-0.038118977786149144
2021-04-08,0.0023457091531635665
2021-04-09,-0.019460546662687372
2021-04-12,-0.010802670565985828
2021-04-13,0.003047591920882997
2021-04-14,-0.00531710571343047
2021-04-15,-0.017818525280853925
2021-04-16,0.03848647519986992
2021-04-19,0.0008734676236255012
2021-04-20,-0.010597163493617834
2021-04-21,0.054057470798050344
2021-04-22,0.04184100342086894
2021-04-23,0.016178955915406856
2021-04-26,0.023453485072431002
2021-04-27,-0.003017861823288485
2021-04-28,-0.05958318835021947
2021-04-29,-0.021215617562696666
2021-04-30,-0.08412392943250939
2021-05-03,-0.011567821017914093
2021-05-04,-0.16004007007566373
2021-05-05,-0.0005
2021-05-06,0.0
2021-05-07,0.0
2021-05-10,0.0
2021-05-11,0.0
2021-05-12,0.0
2021-05-13,0.0
2021-05-14,0.0
2021-05-17,0.0
2021-05-18,0.0
2021-05-19,0.0
2021-05-20,0.0
2021-05-21,0.0
2021-05-24,0.0
2021-05-25,0.0
2021-05-26,0.0
2021-05-27,0.00758352195355666
2021-05-28,0.025726710655278984
2021-06-01,-0.010023527512895425
2021-06-02,-0.004205448813348112
2021-06-03,-0.028860012338248697
2021-06-04,0.011282270884246715
2021-06-07,0.04739786280812186
2021-06-08,0.01585169472121517
2021-06-09,-0.02365888676958139
2021-06-10,0.009344570253707885
2021-06-11,0.008551243412130241
2021-06-14,-0.016322413684743704
2021-06-15,-0.039979061050681164
2021-06-16,0.046545147293064804
2021-06-17,0.04493551727947609
2021-06-18,-0.0010565471125263408
2021-06-21,-0.009475383775683646
2021-06-22,0.043789994821169125
2021-06-23,0.023892128950810613
2021-06-24,-0.0031624790297236196
2021-06-25,0.013130193541092555
2021-06-28,0.0643631815354511
2021-06-29,-0.006106943840810497
2021-06-30,-0.01530553290070329
2021-07-01,-0.006001841218304028
2021-07-02,0.003215305237596699
2021-07-06,0.003807092204988272
2021-07-07,-0.040752670728953236
2021-07-08,-0.01430456671617051
2021-07-09,0.01199401921424903
2021-07-12,0.011647674151919075
2021-07-13,-0.015465413251023791
2021-07-14,-0.06559446326939675
2021-07-15,-0.033193055064684014
2021-07-16,-0.01822406757467269
2021-07-19,0.0029630328093244174
2021-07-20,0.01837380624048246
2021-07-21,0.037551022502021136
2021-07-22,-0.011226398421473771
2021-07-23,-0.006485518840030624
2021-07-26,-0.013853582029765277
2021-07-27,-0.010749006915042436
2021-07-28,0.03778844619674526
2021-07-29,0.0033210874553822878
2021-07-30,0.034440484439142605
2021-08-02,-0.004155929008513748
2021-08-03,0.049022246762855604
2021-08-04,-0.006407259899364043
2021-08-05,-0.02736555541996973
2021-08-06,0.009172492845429647
2021-08-09,0.01599192595592317
2021-08-10,0.0026696855068499463
2021-08-11,-0.022870048223785355
2021-08-12,-0.006103488720846262
2021-08-13,-0.02883118803164822
2021-08-16,-0.01472859168381152
2021-08-17,-0.0154736517580715
2021-08-18,-0.012833567967994942
2021-08-19,-0.024549246662656083
2021-08-20,0.022450050082875445
2021-08-23,0.02855343426386958
2021-08-24,-0.010415606364811314
2021-08-25,-0.0014253183377110346
2021-08-26,-0.0008344446861124344
2021-08-27,0.022626974575683967
2021-08-30,0.014257464255898356
2021-08-31,-0.018840779049613676
2021-09-01,0.00033640726901429385
2021-09-02,0.007325217741758094
2021-09-03,-0.01411333743260218
2021-09-07,-0.009961196145141626
2021-09-08,-0.0032750016494657586
2021-09-09,0.02131956751963182
2021-09-10,-0.010797145833874977
2021-09-13,0.04386872770028816
2021-09-14,-0.007184897643398858
2021-09-15,0.007482174180690082
2021-09-16,-0.020017408181819685
2021-09-17,0.023966445869435526
2021-09-20,-0.06265539812051535
2021-09-21,-0.0021762621436084983
2021-09-22,0.02695258294770808
2021-09-23,-0.008065401291936891
2021-09-24,-0.028406027602542332
2021-09-27,0.04004758407267106
2021-09-28,-0.02864635825685676
2021-09-29,-0.037895181261213086
2021-09-30,0.013821090660285288
2021-10-01,0.012939536030696086
2021-10-04,-0.04232021725431574
2021-10-05,0.007234195398484095
2021-10-06,0.0038977200318960716
2021-10-07,0.03246779616857294
2021-10-08,0.015784535888898277
2021-10-11,0.036898457326199084
2021-10-12,0.059091533365544985
2021-10-13,0.0374897897638111
2021-10-14,-0.009415646739203611
2021-10-15,-0.01369682923784521
2021-10-18,0.020487488083490858
2021-10-19,0.03939581924623163
2021-10-20,-0.02570822523622303
2021-10-21,0.016033577757338803
2021-10-22,-0.01787859849241382
2021-10-25,0.03727893377025948
2021-10-26,-0.01573738113247114
2021-10-27,0.07749924589410594
2021-10-28,0.049189114736540335
2021-10-29,0.02323152715259993
2021-11-01,0.032370060273736456
2021-11-02,-0.012543575450429723
2021-11-03,-0.00888494053737443
2021-11-04,0.0020360231384580095
2021-11-05,-0.02241719787378125
2021-11-08,0.0247585873603412
2021-11-09,-0.011324045949016592
2021-11-10,-0.02642886400950952
2021-11-11,0.061483270909622106
2021-11-12,-0.0010166689880727335
2021-11-15,-0.008225328422180978
2021-11-16,-0.013217377645002838
2021-11-17,-0.004153797721932673
2021-11-18,-0.02398145150644451
2021-11-19,0.055302278481577094
2021-11-22,-0.025447584778558175
2021-11-23,-0.02421819172921278
2021-11-24,0.002900325263723524
2021-11-26,-0.03373038312917131
2021-11-29,0.024315975483117536
2021-11-30,-0.03877511184447527
2021-12-01,-0.047263204746290866
2021-12-02,0.001112465227630977
2021-12-03,-0.05619900096781505
2021-12-06,-0.0005
2021-12-07,0.0
2021-12-08,0.0
2021-12-09,0.0
2021-12-10,0.0
2021-12-13,0.0
2021-12-14,0.0
2021-12-15,0.0
2021-12-16,0.0
2021-12-17,0.0
2021-12-20,0.0
2021-12-21,0.0
2021-12-22,0.0
2021-12-23,0.0
2021-12-27,0.0
2021-12-28,0.0
2021-12-29,0.0
2021-12-30,0.0
2021-12-31,0.0
2022-01-03,0.0
2022-01-04,0.0
2022-01-05,0.0
2022-01-06,0.0
2022-01-07,0.0
2022-01-10,0.0
2022-01-11,0.0
2022-01-12,0.0
2022-01-13,0.0
2022-01-14,0.0
2022-01-18,0.0
2022-01-19,0.0
2022-01-20,0.0
2022-01-21,0.0
2022-01-24,0.0
2022-01-25,0.0
2022-01-26,0.0
2022-01-27,0.0
2022-01-28,0.0
2022-01-31,0.0
2022-02-01,0.0
2022-02-02,0.0
2022-02-03,0.0
2022-02-04,0.0
2022-02-07,0.0
2022-02-08,0.0
2022-02-09,0.0
2022-02-10,-0.025673932177393055
2022-02-11,-0.05617825178036645
2022-02-14,-0.007779619892651746
2022-02-15,0.06195072426105652
2022-02-16,0.006725962915092568
2022-02-17,-0.027033079850756866
2022-02-18,-0.0403427948425652
2022-02-22,-0.05277521523418537
2022-02-23,-0.04299194118268527
2022-02-24,0.14807482419368861
2022-02-25,0.024853387564798712
2022-02-28,0.1492822719581519
2022-03-01,0.012616565415796505
2022-03-02,-0.026681691452395073
2022-03-03,-0.03964746662766236
2022-03-04,-0.0182439422064328
2022-03-07,0.02940831227099394
2022-03-08,0.10153092286282517
2022-03-09,0.009628220821429912
2022-03-10,-0.0203562625229627
2022-03-11,-0.028100140899288494
2022-03-14,-0.06840511544018332
2022-03-15,0.043236836237296225
2022-03-16,0.048315806827860235
2022-03-17,0.021310104552192177
2022-03-18,0.0024686361038275266
2022-03-21,-0.004935544868360342
2022-03-22,0.03722649896977335
2022-03-23,0.0005463869029074036
2022-03-24,0.02869408485410259
2022-03-25,-0.014766798332804342
2022-03-28,0.017256672574639146
2022-03-29,0.02501445042458255
2022-03-30,-0.04348833432445816
2022-03-31,0.01253024375080716
2022-04-01,0.002984821674641958
2022-04-04,0.06176857057387422
2022-04-05,-0.03903289929733722
2022-04-06,-0.046618424624237605
2022-04-07,-0.010131373001160982
2022-04-08,-0.03992064252260063
2022-04-11,-0.008995805567058654
2022-04-12,-0.0008321035444447402
2022-04-13,0.02282129698479022
2022-04-14,-0.01924397400487169
2022-04-18,0.0032492535262257
2022-04-19,0.012879109784725097
2022-04-20,-0.06209210947276478
2022-04-21,-0.03316374180097944
2022-04-22,-0.027676979042689842
2022-04-25,0.0011053502642561774
2022-04-26,-0.013940573490396013
2022-04-27,-0.0005
2022-04-28,0.0
2022-04-29,0.0
2022-05-02,0.0
2022-05-03,0.0
2022-05-04,0.0
2022-05-05,0.0
2022-05-06,0.0
2022-05-09,0.0
2022-05-10,0.0
2022-05-11,0.0
2022-05-12,0.0
2022-05-13,0.0
2022-05-16,0.0
2022-05-17,0.0
2022-05-18,0.0
2022-05-19,0.0
2022-05-20,0.0
2022-05-23,0.0
2022-05-24,0.0
2022-05-25,0.0
2022-05-26,0.0
2022-05-27,0.0
2022-05-31,-0.012602862646013346
2022-06-01,-0.035222053856601154
2022-06-02,0.07063487005582325
2022-06-03,-0.009862484499060721
2022-06-06,0.04737952002621918
2022-06-07,0.005546818032393097
2022-06-08,-0.02681088143305606
2022-06-09,-0.024147491468482975
2022-06-10,-0.027835557390897415
2022-06-13,-0.09937317651491873
2022-06-14,0.0038058795513146912
2022-06-15,0.0429050019892403
2022-06-16,-0.08683751490836417
2022-06-17,-0.0005
2022-06-21,0.0
2022-06-22,0.0
2022-06-23,0.0
2022-06-24,0.0
2022-06-27,0.0
2022-06-28,0.0
2022-06-29,0.0
2022-06-30,0.0
2022-07-01,0.0
2022-07-05,0.0
2022-07-06,0.0
2022-07-07,0.0
2022-07-08,0.03241541735659398
2022-07-11,-0.05355720345789868
2022-07-12,-0.038967241447765824
2022-07-13,0.013419107718637116
2022-07-14,0.007352226825860748
2022-07-15,-0.07348105041216582
2022-07-18,0.042548029404034314
2022-07-19,0.04389703779342691
2022-07-20,0.029356549256303044
2022-07-21,0.004088953086805014
2022-07-22,-0.023318825360221618
2022-07-25,0.027314312011781028
2022-07-26,-0.009906302507924975
2022-07-27,0.10638039904068144
2022-07-28,0.09277751056474007
2022-07-29,0.05087722731162464
2022-08-01,-0.018635358328565135
2022-08-02,0.03772040028641097
2022-08-03,-0.04346940141210978
2022-08-04,0.022486085763736764
2022-08-05,0.03353892203307579
2022-08-08,0.011969061570311329
2022-08-09,-0.0017899922758320974
2022-08-10,0.08659521733350345
2022-08-11,-0.027408397973082366
2022-08-12,0.033127033253284144
2022-08-15,0.00889951901495356
2022-08-16,-0.026074404217574843
2022-08-17,-0.016313266010803573
2022-08-18,0.012225361300431947
2022-08-19,-0.04402521805502019
2022-08-22,-0.021141908284224686
2022-08-23,0.0018107078493209232
2022-08-24,0.038547048685172
2022-08-25,0.04682814322591233
2022-08-26,-0.024087995177217714
2022-08-29,-0.00958671971653191
2022-08-30,-0.0008156418711517581
2022-08-31,0.013288524140171084
2022-09-01,-0.01764852173574723
2022-09-02,-0.020267377863283288
2022-09-06,0.019303815981923694
2022-09-07,0.06643848907244128
2022-09-08,0.027931798951088327
2022-09-09,-0.0038134509233963827
2022-09-12,0.006646405688990498
2022-09-13,-0.02056336258785016
2022-09-14,0.02338664015507194
2022-09-15,-0.024157452537650576
2022-09-16,-0.0008319203887048321
2022-09-19,-0.005049564592107459
2022-09-20,-0.04809477935528131
2022-09-21,-0.005155297858321783
2022-09-22,-0.052628648042527364
2022-09-23,-0.015083680746903083
2022-09-26,-0.014490540535324448
2022-09-27,0.03397637690007882
2022-09-28,0.02782922630989526
2022-09-29,-0.044062414520469384
2022-09-30,0.004451440719864808
2022-10-03,0.03291382324106773
2022-10-04,0.026430089716139804
2022-10-05,-0.07583019128024382
2022-10-06,-0.019297821889713573
2022-10-07,-0.019990908969062304
2022-10-10,0.012671916340993628
2022-10-11,0.001983898752239366
2022-10-12,-0.03381061394429219
2022-10-13,-0.0026796685470567017
2022-10-14,-0.025130395781319925
2022-10-17,-0.041180299983140656
2022-10-18,-0.0005
2022-10-19,0.0
2022-10-20,0.0
2022-10-21,0.0
2022-10-24,0.0
2022-10-25,0.0
2022-10-26,0.0
2022-10-27,0.0
2022-10-28,-0.0032116656059760214
2022-10-31,0.005733005733005836
2022-11-01,-0.002443218683417347
2022-11-02,-0.011614107022351994
2022-11-03,0.03693759304081945
2022-11-04,-0.03611120594664802
2022-11-07,-0.04482660293078111
2022-11-08,0.020939381748599883
2022-11-09,0.010740978645679614
2022-11-10,0.08767952961567885
2022-11-11,-0.0225129930219381
2022-11-14,-0.0005516353447916345
2022-11-15,0.0296620386133139
2022-11-16,0.003529100443307981
2022-11-17,0.029244256562178772
2022-11-18,-0.004269278745275884
2022-11-21,-0.008380860743269797
2022-11-22,0.023992713140858657
2022-11-23,0.0011353415728419525
2022-11-25,0.0036583856201425624
2022-11-28,-0.02238407789929417
2022-11-29,-0.02133565081509753
2022-11-30,0.05258500514405334
2022-12-01,-0.024401660309292722
2022-12-02,0.03612076965478664
2022-12-05,-0.006001566055484769
2022-12-06,-0.05964983509987071
2022-12-07,0.005829551301423486
2022-12-08,0.005702387571252576
2022-12-09,-0.007035062233736122
2022-12-12,0.009497452569314224
2022-12-13,0.04029432224774476
2022-12-14,0.025773903396933695
2022-12-15,-0.03201572188223176
2022-12-16,-0.03777850322754919
2022-12-19,-0.02111361397957981
2022-12-20,-0.003501194386037085
2022-12-21,0.0424922329190669
2022-12-22,-0.04186551719813483
2022-12-23,-0.007186760294983959
2022-12-27,-0.05428571358347293
2022-12-28,-0.04316112169892531
2022-12-29,-0.0005
2022-12-30,0.0
2023-01-03,0.0
2023-01-04,0.0
2023-01-05,0.0
2023-01-06,0.0
2023-01-09,0.0
2023-01-10,0.0
2023-01-11,0.007686709550578097
2023-01-12,0.03606666629414462
2023-01-13,-0.005187777181838826
2023-01-17,0.0031224350632412246
2023-01-18,-0.003946582025713186
2023-01-19,-0.07698314388057803
2023-01-20,0.02793456888576329
2023-01-23,0.07326838867456997
2023-01-24,-0.03346194204479197
2023-01-25,-0.02136491054593387
2023-01-26,-0.00837546352477525
2023-01-27,0.027112722001132128
2023-01-30,-0.0286207169757835
2023-01-31,0.06166043316664804
2023-02-01,0.026567968608172565
2023-02-02,-0.017697020528331105
2023-02-03,-0.022263921231337205
2023-02-06,-0.014943460454371116
2023-02-07,-0.010167893567113007
2023-02-08,-0.0011964606285133446
2023-02-09,-0.04319575877151457
2023-02-10,0.004314218272992869
2023-02-13,0.021388127490524617
2023-02-14,0.00796543106331049
2023-02-15,0.06519513978021507
2023-02-16,-0.06084102117686152
2023-02-17,-0.017424214535120476
2023-02-21,-0.04278645230080095
2023-02-22,0.00984105371136875
2023-02-23,0.016419109519001274
2023-02-24,-0.01973565189016646
2023-02-27,0.04163777814558345
2023-02-28,0.015959741355036194
2023-03-01,0.09341225717819734
2023-03-02,0.0003667954583737032
2023-03-03,0.03526366752062915
2023-03-06,0.013855236716288855
2023-03-07,-0.0014941056209782366
2023-03-08,-0.005144646114558449
2023-03-09,-0.024727416809722513
2023-03-10,-0.023018947193638006
2023-03-13,0.00954641752535662
2023-03-14,0.006044290360609883
2023-03-15,-0.022290491088205855
2023-03-16,-0.025819428218604223
2023-03-17,-0.03409799827378296
2023-03-20,0.025348149896623706
2023-03-21,0.022327572248147298
2023-03-22,-0.02026286974033009
2023-03-23,0.025267099523762937
2023-03-24,0.004329433615012368
2023-03-27,-0.004547639441547124
2023-03-28,-0.0006186584333782719
2023-03-29,0.025427416486627497
2023-03-30,-0.009426509039990871
2023-03-31,0.019594939678715617
2023-04-03,-0.0414252621003951
2023-04-04,-0.001678766819962041
2023-04-05,-0.0313731084772052
2023-04-06,0.014384176815162686
2023-04-10,0.036770839931784316
2023-04-11,-0.009432627512684255
2023-04-12,-0.01018901776930059
2023-04-13,0.016210472495461925
2023-04-14,-0.01774501559868019
2023-04-17,0.04963047203065296
2023-04-18,0.0011454377254901675
2023-04-19,-0.013306927290464537
2023-04-20,0.014614990463087535
2023-04-21,0.00404271105951895
2023-04-24,3.095787053716825e-05
2023-04-25,-0.01612119635357903
2023-04-26,-0.1259918686119464
2023-04-27,0.049930203432903005
2023-04-28,-0.03918877745086957
2023-05-01,-0.029785887350905798
2023-05-02,-0.04877429674247746
2023-05-03,0.03140936295145663
2023-05-04,-0.15660845432075843
2023-05-05,-0.0005
2023-05-08,0.0
2023-05-09,0.0
2023-05-10,0.0
2023-05-11,0.0
2023-05-12,0.0
2023-05-15,-0.04409275755141778
2023-05-16,-0.03966782540457925
2023-05-17,-0.014285754235550785
2023-05-18,-0.016590369082154277
2023-05-19,-0.013331394300337807
2023-05-22,-0.00904041836056746
2023-05-23,-0.0039664982997371645
2023-05-24,-0.011648147468764414
2023-05-25,0.012037266949955328
2023-05-26,0.004130595306908624
2023-05-30,0.003122315560705191
2023-05-31,0.0001942790622271877
2023-06-01,0.036064641170944434
2023-06-02,-0.003716092438528218
2023-06-05,-0.007431910268992073
2023-06-06,0.0002882148271332232
2023-06-07,0.002683819091469882
2023-06-08,-0.00436978848793527
2023-06-09,-0.03276899620242464
2023-06-12,0.06331997477636686
2023-06-13,0.041275502977314554
2023-06-14,-0.0209342318763599
2023-06-15,0.009843854850336786
2023-06-16,-0.01758536842631527
2023-06-20,-0.045917403683839855
2023-06-21,-0.01375195067107789
2023-06-22,-0.02991407246985985
2023-06-23,-0.03832422640408043
2023-06-26,0.0026101892439817464
2023-06-27,0.011431392429375187
2023-06-28,0.0024219051891254395
2023-06-29,-0.01641676326690844
2023-06-30,0.05485917503744053
2023-07-03,0.012359728785677149
2023-07-05,-0.02483047265166971
2023-07-06,-0.02395059600089411
2023-07-07,0.029681454586713674
2023-07-10,0.05596679998938492
2023-07-11,0.00518666100822196
2023-07-12,0.04026362211177992
2023-07-13,0.036953642649857676
2023-07-14,-0.024406806135015818
2023-07-17,0.06584867425701575
2023-07-18,-0.014816439802825456
2023-07-19,0.007222153367289353
2023-07-20,-0.033830951121021
2023-07-21,-0.004721536744208899
2023-07-24,-0.009641165302338271
2023-07-25,-0.008309213255720229
2023-07-26,-0.019461627743240232
2023-07-27,-0.03226557710958657
2023-07-28,-0.00744046051912286
2023-07-31,0.05022050905657505
2023-08-01,-0.02509848032922246
2023-08-02,-0.06421762753379978
2023-08-03,0.008048603094783613
2023-08-04,-0.011565028309498071
2023-08-07,-0.018920646626638837
2023-08-08,0.0020562371390488447
2023-08-09,0.03824579177239262
2023-08-10,0.006925286645637074
2023-08-11,-0.0006828905585076761
2023-08-14,0.032020294405929794
2023-08-15,-0.05486445275772511
2023-08-16,-0.03973378556098439
2023-08-17,-0.044035629658238595
2023-08-18,-0.008340595066147483
2023-08-21,-0.0011544539037955381
2023-08-22,-0.028618585776440164
2023-08-23,-0.0005
2023-08-24,0.0
2023-08-25,0.0
2023-08-28,0.0
2023-08-29,0.0
2023-08-30,0.0
2023-08-31,0.0
2023-09-01,0.0
2023-09-05,0.0
2023-09-06,0.0
2023-09-07,0.0
2023-09-08,0.0
2023-09-11,0.0
2023-09-12,0.0
2023-09-13,0.0
2023-09-14,0.0
2023-09-15,0.0
2023-09-18,0.0
2023-09-19,0.0
2023-09-20,0.0
2023-09-21,0.0
2023-09-22,0.0
2023-09-25,0.0
2023-09-26,0.0
2023-09-27,0.0
2023-09-28,0.0
2023-09-29,0.0
2023-10-02,0.0
2023-10-03,0.0
2023-10-04,0.0
2023-10-05,0.0
2023-10-06,0.0
2023-10-09,0.0
2023-10-10,0.0
2023-10-11,0.02224354362108588
2023-10-12,-0.03133503429104645
2023-10-13,-0.006180801582465478
2023-10-16,0.026653768813750922
2023-10-17,0.016757177819091584
2023-10-18,-0.04178279886841274
2023-10-19,-0.06411494708339527
2023-10-20,-0.14676446861333614
2023-10-23,-0.0005
2023-10-24,0.0
2023-10-25,0.0
2023-10-26,0.0
2023-10-27,0.0
2023-10-30,0.0
2023-10-31,0.0
2023-11-01,0.0
2023-11-02,0.0
2023-11-03,0.0
2023-11-06,0.0
2023-11-07,0.0
2023-11-08,0.0
2023-11-09,0.0
2023-11-10,0.0
2023-11-13,0.0
2023-11-14,0.0
2023-11-15,0.0
2023-11-16,-0.03501255970132794
2023-11-17,0.04289548828510337
2023-11-20,0.020565532951939858
2023-11-21,-0.012235502767776147
2023-11-22,0.004118037857912316
2023-11-24,-0.013999344624453437
2023-11-27,-0.012181613796578781
2023-11-28,0.028247764026071136
2023-11-29,0.03062782762695034
2023-11-30,0.008895131902704781
2023-12-01,0.06066026995402699
2023-12-04,0.008885102022993308
2023-12-05,-0.017313737421735226
2023-12-06,-0.02824163892408571
2023-12-07,-0.002820886080334345
2023-12-08,-0.030867959460306044
2023-12-11,0.01547349253436997
2023-12-12,-0.04643989999645862
2023-12-13,0.10171282635570567
2023-12-14,0.1405258535825687
2023-12-15,0.03584729843116241
2023-12-18,-0.021245797401763605
2023-12-19,0.07724553617955848
2023-12-20,-0.0613040091554691
2023-12-21,0.04295998026485942
2023-12-22,-0.0036226803617011027
2023-12-26,0.019902160439566108
2023-12-27,0.0008843384225537543
2023-12-28,0.00036024915774543476
2023-12-29,-0.022850421575439955
2024-01-02,-0.009116701060448817
2024-01-03,-0.050728414509256886
2024-01-04,-0.039800803660500934
2024-01-05,-0.009998938687341788
2024-01-08,-0.004934531407850329
2024-01-09,0.004695110794989077
2024-01-10,-0.02743994805923311
2024-01-11,-0.012567045659526488
2024-01-12,0.0009358610116456667
2024-01-16,-0.07068060437129486
2024-01-17,-0.012340788204946329
2024-01-18,0.0012902515855888197
2024-01-19,-0.010376390715246542
2024-01-22,-0.0005
2024-01-23,0.0
2024-01-24,0.0
2024-01-25,0.0
2024-01-26,0.0
2024-01-29,0.0
2024-01-30,0.0
2024-01-31,0.0
2024-02-01,0.0
2024-02-02,-0.00901063052687262
2024-02-05,-0.06652359504940686
2024-02-06,0.03218387805859524
2024-02-07,-0.06013362910690623
2024-02-08,-0.007108941815807235
2024-02-09,0.033412855506848915
2024-02-12,0.06237491652324198
2024-02-13,-0.0782624114344509
2024-02-14,0.06595991810922297
2024-02-15,0.01156866719650851
2024-02-16,-0.024266314313424454
2024-02-20,-0.024280556603376906
2024-02-21,-0.043140795283015315
2024-02-22,-0.07350206929831335
2024-02-23,-0.028122043342078018
2024-02-26,0.012893908446282798
2024-02-27,0.006716662400986895
2024-02-28,0.006392398776295161
2024-02-29,0.048751791113476384
2024-03-01,0.023948415110559673
2024-03-04,-0.026212830560386924
2024-03-05,0.012047516964117655
2024-03-06,-0.0009325774828514155
2024-03-07,0.02336169657947651
2024-03-08,0.005392819649671088
2024-03-11,-0.003592163715668173
2024-03-12,-0.03844978731711313
2024-03-13,-0.015898048379213436
2024-03-14,-0.06020050125104559
2024-03-15,-0.013686968530368937
2024-03-18,0.013973664253020601
2024-03-19,-0.013379716732434543
2024-03-20,0.024003313313500696
2024-03-21,0.010991844499788739
2024-03-22,0.004126309359670399
2024-03-25,0.009523232255673308
2024-03-26,-0.01040253644703193
2024-03-27,0.0933010769421132
2024-03-28,0.006584504457945395
2024-04-01,-0.007598399156583113
2024-04-02,-0.053704494977418804
2024-04-03,0.028120808576572287
2024-04-04,0.002500518846409727
2024-04-05,-0.0028070424339742828
2024-04-08,0.015343505523643719
2024-04-09,0.06326827221220443
2024-04-10,-0.026436637484952508
2024-04-11,-0.02019439242943455
2024-04-12,-0.014174159993680935
2024-04-15,-0.05867253352532287
2024-04-16,-0.016867383342373643
2024-04-17,0.028483895445029273
2024-04-18,-0.020897709878645476
2024-04-19,0.004303173038561869
2024-04-22,0.0070841267180412615
2024-04-23,0.02167011204147684
2024-04-24,-0.014547530745060988
2024-04-25,-0.013860668888310168
2024-04-26,0.02119752807971964
2024-04-29,0.01174960081528198
2024-04-30,-0.025051146012425196
2024-05-01,0.007260344623596593
2024-05-02,0.016499564396720512
2024-05-03,0.06116009573366754
2024-05-06,0.011798457169563514
2024-05-07,0.004437338739925245
2024-05-08,-0.020290732960372093
2024-05-09,0.015153100729608848
2024-05-10,-0.05344480956721681
2024-05-13,0.007593432440251124
2024-05-14,0.08028548585009752
2024-05-15,-0.0029666303038831106
2024-05-16,0.01126645846040697
2024-05-17,-0.022064261338473834
2024-05-20,-0.017212527547956796
2024-05-21,0.018448203354668485
2024-05-22,0.11516418466373102
2024-05-23,-0.05180743546480984
2024-05-24,0.08628061429647355
2024-05-28,0.013531250293582542
2024-05-29,-0.0151416484838931
2024-05-30,0.03756020069444033
2024-05-31,-0.008232092249725792
2024-06-03,0.010418247423583382
2024-06-04,-0.02743880586382852
2024-06-05,0.01292339011230087
2024-06-06,-0.009955346963953532
2024-06-07,-0.049105368412249994
2024-06-10,0.05414108381189335
2024-06-11,0.031409803102821966
2024-06-12,0.014596908979782015
2024-06-13,-0.039784239867017505
2024-06-14,-0.04831258170858147
2024-06-17,-0.03889805866715427
2024-06-18,-0.005530085543664298
2024-06-20,-0.04857830304006531
2024-06-21,-0.0051141891538274975
2024-06-24,0.009309706445578492
2024-06-25,-0.017376027886301437
2024-06-26,-0.03431486287177621
2024-06-27,-0.0005
2024-06-28,0.0
2024-07-01,0.0
2024-07-02,0.0
2024-07-03,0.0
2024-07-05,0.0
2024-07-08,0.0
2024-07-09,0.0
2024-07-10,0.0
2024-07-11,0.0
2024-07-12,0.05854947632708746
2024-07-15,-0.021966145976102303
2024-07-16,0.07197336686247247
2024-07-17,-0.045388410826477155
2024-07-18,-0.0260809416229158
2024-07-19,-0.0714256719290649
2024-07-22,-0.0010899839782722571
2024-07-23,0.019480514362593793
2024-07-24,-0.004632305824293748
2024-07-25,0.016870215193079963
2024-07-26,0.021739192109075933
2024-07-29,-0.0856663289114743
2024-07-30,0.02510715550077358
2024-07-31,0.047192408980216705
2024-08-01,-0.001711391070758017
2024-08-02,-0.04457146780831478
2024-08-05,-0.011363554695676958
2024-08-06,-0.0024198979955070143
2024-08-07,0.1103699041895625
2024-08-08,0.02839980736924108
2024-08-09,-0.04992036844749015
2024-08-12,-0.03130237479305964
2024-08-13,0.11194463604144933
2024-08-14,-0.03049035276166412
2024-08-15,0.03866998013357792
2024-08-16,-0.014458033796068637
2024-08-19,0.02877545944496318
2024-08-20,-0.03912395690277022
2024-08-21,0.019746784062810496
2024-08-22,-0.01161181942389733
2024-08-23,0.06695772730189686
2024-08-26,-0.003479254358756992
2024-08-27,-0.0021764170417819155
2024-08-28,-0.010174327750083681
2024-08-29,-0.021917413719612644
2024-08-30,0.012123339946406648
2024-09-03,-0.0764884989496184
2024-09-04,0.02492751365103555
2024-09-05,-0.010308676645762368
2024-09-06,-0.03854916466909134
2024-09-09,-0.034034179290680956
2024-09-10,0.013426765688796916
2024-09-11,0.1518585867438922
2024-09-12,-0.016219143800219826
2024-09-13,-0.03034542807678009
2024-09-16,0.019756127475418328
2024-09-17,0.028588565594023452
2024-09-18,0.007625643235415147
2024-09-19,-0.005624253025444115
2024-09-20,-0.0010397172101184182
2024-09-23,0.03780183991014474
2024-09-24,-0.018252579725765328
2024-09-25,-0.012299246350606752
2024-09-26,0.05767004125024089
2024-09-27,0.0003520157107155253
2024-09-30,-0.01722222189615541
2024-10-01,-0.06184721843455182
2024-10-02,0.01134908207072427
2024-10-03,-0.021697931517794367
2024-10-04,0.013359689506557249
2024-10-07,0.01998920974202195
2024-10-08,-0.050888718284654244
2024-10-09,-0.003945829463054995
2024-10-10,-0.06362888714177983
2024-10-11,0.0756420582590917
2024-10-14,-0.01886790755296608
2024-10-15,-0.0096153757981291
2024-10-16,0.004854364437391068
2024-10-17,-0.014492740269210325
2024-10-18,0.09803924089392946
2024-10-21,0.05803565869145877
2024-10-22,-0.0632910819375283
2024-10-23,-0.06306310950447058
2024-10-24,0.02403855411964395
2024-10-25,0.009389661902325042
2024-10-28,0.04186042333822804
2024-10-29,-0.04910709581584971
2024-10-30,-0.05633808334754886
2024-10-31,-0.0005
2024-11-01,0.0
2024-11-04,0.0
2024-11-05,0.003484059960657982
2024-11-06,-0.25776418052115885
2024-11-07,-0.0005
2024-11-08,0.0
2024-11-11,0.0
2024-11-12,0.0
2024-11-13,0.0
2024-11-14,0.0
2024-11-15,0.0
2024-11-18,0.0
2024-11-19,0.0
2024-11-20,0.0
2024-11-21,0.0
2024-11-22,0.0
2024-11-25,0.0
2024-11-26,0.0
2024-11-27,0.0
2024-11-29,0.0
2024-12-02,0.0
2024-12-03,0.0
2024-12-04,0.0
2024-12-05,0.0
2024-12-06,-0.02907140076751319
2024-12-09,0.1218487176086338
2024-12-10,-0.04316057523485595
2024-12-11,-0.0034694886796325375
2024-12-12,-0.02828506311234591
2024-12-13,0.012003393365776382
2024-12-16,-0.010917237758490073
2024-12-17,0.014467501795402904
2024-12-18,-0.08011562780488429
2024-12-19,-0.04410464922862162
2024-12-20,0.08586616465716768
2024-12-23,0.02169353559077991
2024-12-24,0.003835599716395466
2024-12-26,-0.0036844520682863813
2024-12-27,-0.0120532099310241
2024-12-30,-0.026895811533110603
2024-12-31,-0.021513065731704417
2025-01-02,0.03902155348379943
2025-01-03,0.011070640537701237
2025-01-06,0.02721364266223575
2025-01-07,0.015050597797117515
2025-01-08,-0.08765744454995758
2025-01-10,-0.042464528324664026
2025-01-13,-0.014797636010705753
2025-01-14,-0.01883964556880352
2025-01-15,0.00530603362156018
2025-01-16,-0.0358499247259364
2025-01-17,-0.0005
2025-01-21,0.0
2025-01-22,0.0
2025-01-23,0.0
2025-01-24,0.0
2025-01-27,0.0
2025-01-28,0.0
2025-01-29,0.0
2025-01-30,0.0
2025-01-31,0.0
2025-02-03,0.0
2025-02-04,0.0
2025-02-05,0.0
2025-02-06,0.0
2025-02-07,0.0
2025-02-10,0.0
2025-02-11,0.0
2025-02-12,0.0
2025-02-13,0.0
2025-02-14,0.10118351448435375
2025-02-18,0.03484105584101016
2025-02-19,0.1594801421690102
2025-02-20,-0.0733570396471045
2025-02-21,-0.03133588114838115
2025-02-24,0.04767299689162807
2025-02-25,0.014084520139577394
2025-02-26,-0.009615299381915077
2025-02-27,-0.03505941174655103
2025-02-28,-0.07825599029032637
2025-03-03,-0.0005
2025-03-04,0.0
2025-03-05,0.0
2025-03-06,0.0
2025-03-07,0.0
2025-03-10,0.0
2025-03-11,0.0
2025-03-12,0.0
2025-03-13,0.0
2025-03-14,0.0
2025-03-17,0.0
2025-03-18,0.0
2025-03-19,0.0
2025-03-20,0.0
2025-03-21,0.0
2025-03-24,0.0
2025-03-25,0.0
2025-03-26,0.0
2025-03-27,0.0
2025-03-28,0.0
2025-03-31,0.0
2025-04-01,0.0
2025-04-02,0.0
2025-04-03,0.0
2025-04-04,0.0
2025-04-07,0.0
2025-04-08,0.0
2025-04-09,0.0
2025-04-10,0.0
2025-04-11,0.0
2025-04-14,0.0
2025-04-15,0.0
2025-04-16,0.0
2025-04-17,0.0
2025-04-21,0.0
2025-04-22,0.0
2025-04-23,0.0
2025-04-24,0.0
2025-04-25,0.043475654958462895
2025-04-28,0.0034596818826243547
2025-04-29,-0.017732924425314434
2025-04-30,-0.07732026473299103
2025-05-01,0.024751144677987336
2025-05-02,0.022637092207519194
2025-05-05,-0.03420818323328867
2025-05-06,0.004157825948378047
2025-05-07,0.03246751055182747
2025-05-08,0.139730397543538
2025-05-09,0.08000319339364728
2025-05-12,0.08152058778340729
2025-05-13,0.08653545637079474
2025-05-14,0.02076939507687588
2025-05-15,0.04629068458599672
2025-05-16,-0.010511971663845801
2025-05-19,-0.07048648548332306
2025-05-20,0.010263661221877867
2025-05-21,-0.04616842128982801
2025-05-22,-0.24739047816447943
2025-05-23,-0.0005
2025-05-27,0.0
2025-05-28,0.0
2025-05-29,0.0
2025-05-30,0.0
2025-06-02,0.0
2025-06-03,0.0
2025-06-04,0.0
2025-06-05,0.0
2025-06-06,0.0
2025-06-09,0.2572319511610616
2025-06-10,0.0491802798135097
2025-06-11,0.07812502037268176
2025-06-12,-0.057971045791138986
2025-06-13,-0.0076923006385033466
2025-06-16,0.021844212525667095
2025-06-17,-0.25119211316022466
2025-06-18,-0.0005
2025-06-20,0.0
2025-06-23,0.0
2025-06-24,0.0
2025-06-25,0.0
2025-06-26,0.0
2025-06-27,0.0
2025-06-30,0.0
2025-07-01,-0.05419130362637853
2025-07-02,-0.0070921919858044635
2025-07-03,0.05000003831727229
2025-07-07,-0.024077788767807556
2025-07-08,-0.0384526731114819
2025-07-09,0.0900327316444855
2025-07-10,-0.00228445558672441
2025-07-11,-0.048103076089330815
2025-07-14,0.006737285677090865
2025-07-15,0.025275080263485794
2025-07-16,-0.03960153131407915
2025-07-17,0.025219396790872567
2025-07-18,0.04508019958760151
2025-07-21,0.033841845350343014
2025-07-22,0.04807951823338613
2025-07-23,-0.037923070111919366
2025-07-24,-0.010773474806427152
2025-07-25,0.010087697184072791
2025-07-28,-0.004838251720907211
2025-07-29,-0.04930212138872487
2025-07-30,-0.03192204567196606
2025-07-31,-0.0071961922790555275
2025-08-01,0.006460311793159312
2025-08-04,-0.009109059169497724
2025-08-05,-0.005110115554043282
2025-08-06,-0.010294486549578041
2025-08-07,0.0031890795859566
2025-08-08,-0.009309284147965224
2025-08-11,-0.017372213896067357
2025-08-12,-0.0006209001701404371
2025-08-13,-0.021155846544501422
2025-08-14,-0.03354271292667044
2025-08-15,0.21938457927065202
2025-08-18,0.10521499899034314
2025-08-19,-0.019403413832739913
2025-08-20,-0.007176257325053928
2025-08-21,-0.0582800687196013
2025-08-22,0.095992525237443
2025-08-25,-0.01749156836230334
2025-08-26,0.0003671072608316672
2025-08-27,-0.015291093100612468
2025-08-28,0.017930374500935486
2025-08-29,-0.0033468436564126347
2025-09-02,-0.021572894179536756
2025-09-03,0.029919547373839228
2025-09-04,0.0030888279297717203
2025-09-05,0.054007180718213865
2025-09-08,-0.03209307435883213
2025-09-09,-0.04435754597430863
2025-09-10,-0.007013036463501349
2025-09-11,-0.001579124314021907
2025-09-12,-0.0035306202319993762
2025-09-15,0.019703909856039432
2025-09-16,0.0017909589310860143
2025-09-17,-0.0002144395511154036
2025-09-18,0.015288947734704794
2025-09-19,0.017743122438389672
2025-09-22,0.09031763579891328
2025-09-23,-0.054616719902065854
2025-09-24,-5.91093078072813e-06
2025-09-25,0.00842824180857138
2025-09-26,0.012170379556428215
2025-09-29,-0.01527788794601075
2025-09-30,-0.010343863556705957
2025-10-01,0.08556608441777538
2025-10-02,0.008923347755309806
2025-10-03,0.05307341518763573
2025-10-06,0.0244238909336066
2025-10-07,-0.02496683745108339
2025-10-08,-0.009119812789616332
2025-10-09,0.03889444142547314
2025-10-10,-0.07285239365412258
2025-10-13,0.055285895114223466
2025-10-14,0.0013603930984066306
2025-10-15,0.06422986451773467
2025-10-16,-0.030474839469603165
2025-10-17,-0.044433036991995814
2025-10-20,0.03964925170141875
2025-10-21,-0.01435513713597088
2025-10-22,-0.027789014964138138
2025-10-23,0.012951684053928325
2025-10-24,0.051956359266748166
2025-10-27,0.003571482730995908
2025-10-28,-0.03641301625573101
2025-10-29,-0.007283717771781272
2025-10-30,-0.03749357575959318
2025-10-31,0.10012886186201082
2025-11-03,-0.021330905863802485
2025-11-04,-0.028448204210109906
2025-11-05,0.068096083608161
2025-11-06,-0.026976445117241992
2025-11-07,-0.04942236069682467
2025-11-10,0.07625758520107802
2025-11-11,-0.023062310152600907
2025-11-12,-0.01811772892769603
2025-11-13,-0.09205857561714348
2025-11-14,-0.014179389519978824
2025-11-17,0.0018175733038960917
2025-11-18,-0.005324567644060085
2025-11-19,-0.0012689136013355196
2025-11-20,-0.023940917521721117
2025-11-21,0.016555513280372747
2025-11-24,0.03977432794105207
2025-11-25,0.0019625908642222356
2025-11-26,0.04551392982878921
2025-11-28,0.002608361173154883
2025-12-01,-0.03436906207428503
2025-12-02,-0.003718642158885288
2025-12-03,-0.02475624642154195
2025-12-04,0.004764513131044534
2025-12-05,0.001282597068685165
2025-12-08,-0.006715502376156257
2025-12-09,-0.00961390756184255
2025-12-10,0.034764473526313955
2025-12-11,0.02306585917944498
2025-12-12,-0.045614443884286704
2025-12-15,-0.010446523103927796
2025-12-16,0.0129294132294423
2025-12-17,-0.0125884777584917
2025-12-18,0.03662778320523741
2025-12-19,0.014311815501224179
2025-12-22,0.03673936820727697
2025-12-23,-0.04580951207362277
2025-12-24,0.015010497279638546
2025-12-26,-0.002345630862910897
2025-12-29,-0.01285016688390561
2025-12-30,-0.02517871518986281
2025-12-31,-0.017369755038957286
2026-01-02,0.05324984625736673
2026-01-05,-0.019578450509056267
2026-01-06,0.004141941802231375
2026-01-07,-0.050516126364569425
2026-01-08,0.018937844136980797
2026-01-09,-0.03098079269823345
2026-01-12,0.05165871493886879
2026-01-13,-0.01221148532643083
2026-01-14,0.012600497605333808
2026-01-15,-0.028878922348692562
2026-01-16,0.011856552711744349
2026-01-20,-0.025404088726697006
2026-01-21,0.00973516714014851
2026-01-22,0.10934721640209966
2026-01-23,-0.019403199051951495
2026-01-26,-0.028835005691299598
2026-01-27,0.024129456022942215
2026-01-28,0.02271560232571987
2026-01-29,-0.056495557270423186
2026-01-30,-0.06411421146152577
2026-02-02,-0.022396314447270776
2026-02-03,0.01615676700214193
2026-02-04,0.2587077028991689
2026-02-05,-0.06769206263823996
2026-02-06,0.0664245999498313
2026-02-09,0.01726953909772111
2026-02-10,-0.000632857079069904
2026-02-11,-0.026351193275442775
2026-02-12,-0.06882546579344256
2026-02-13,0.008911413119355782
2026-02-17,0.04453243298028692
2026-02-18,-0.05467283963364522
2026-02-19,-0.003988586773063796
2026-02-20,0.08409618187639034
2026-02-23,0.039050118275740786
2026-02-24,0.09370234958415646
2026-02-25,-0.014395145954906319
2026-02-26,-0.04829208952218156
2026-02-27,-0.12376237156320813
2026-03-02,-0.0005
2026-03-03,0.0
2026-03-04,0.11160762235951432
2026-03-05,-0.07661292570934819
2026-03-06,-0.06986893016480245
2026-03-09,0.023474154755812382
2026-03-10,-0.0275230180553947
2026-03-11,0.051886858232256694
2026-03-12,-0.00896860123562837
2026-03-13,-0.027149294906731902
2026-03-16,0.04186042333822804
2026-03-17,0.04017853294024065
2026-03-18,-0.0042918415410722055
2026-03-19,0.025431240512860998
2026-03-20,0.03105287332604484
2026-03-23,-0.030390654132701145
2026-03-24,0.005728763825725736
2026-03-25,0.03349768472200504
2026-03-26,-0.01425315996389509
2026-03-27,-0.0007355899527536347
2026-03-30,-0.05158156267231345
2026-03-31,0.06688050883445884
2026-04-01,0.018049389135267137
2026-04-02,-0.011658525789119228
2026-04-06,0.007035200916512288
2026-04-07,-0.030484482586443984
2026-04-08,0.05004428912913569
2026-04-09,-0.007850714094062275
2026-04-10,0.009260880314257683
2026-04-13,-0.014513875699013707
2026-04-14,0.012791622447252255
2026-04-15,-0.019493842681400125
2026-04-16,-0.014025778118091728
2026-04-17,-0.0031640752759547475
2026-04-20,0.05043202800068676
2026-04-21,-0.035622042537955236
2026-04-22,0.02315055608364332
2026-04-23,0.018251360919062987
2026-04-24,-0.01248229838724485
2026-04-27,4.533930249212004e-05
2026-04-28,-0.012218544485922578
2026-04-29,0.04930385983819857
2026-04-30,-0.011466502966022696
2026-05-01,0.021125269463775465
2026-05-04,0.002459701391575364
2026-05-05,0.049250138701462
2026-05-06,-0.004651261208273916
2026-05-07,-0.0350572625440026
2026-05-08,0.026524668293934996
2026-05-11,0.052775952588931724
2026-05-12,-0.010264124491407456
2026-05-13,0.0717914591470803
2026-05-14,0.025323653243636224
2026-05-15,0.05783183323174611
2026-05-18,-0.05762383945254746
2026-05-19,-0.03740046064197878
2026-05-20,0.069793501132322
2026-05-21,0.09874600258817107
2026-05-22,0.014649781373424264
2026-05-26,0.05896282623402088
2026-05-27,0.03422479684634572
2026-05-28,0.02729610916631342
2026-05-29,0.009796871868976799
2026-06-01,-0.0315708311584533
2026-06-02,0.04276879420121568
2026-06-03,-0.04074056702208076
2026-06-04,-0.011559218638032843
2026-06-05,-0.12699580433460392
2026-06-08,-0.013774427405770817
2026-06-09,-0.04793206545227269
2026-06-10,-0.0005
2026-06-11,0.0
2026-06-12,0.0
2026-06-15,0.0
2026-06-16,0.0
2026-06-17,0.0
2026-06-18,0.0
2026-06-22,0.0
2026-06-23,0.0
2026-06-24,0.0
2026-06-25,0.0
2026-06-26,0.0
2026-06-29,0.0
2026-06-30,0.0
2026-07-01,0.0
2026-07-02,0.0
2026-07-06,0.0
2026-07-07,0.0
2026-07-08,0.0
2026-07-09,0.0
2026-07-10,0.0
2026-07-13,0.0
2026-07-14,0.0
2026-07-15,0.0
2026-07-16,0.0
2026-07-17,0.0
2026-07-20,0.0
2026-07-21,0.0
2026-07-22,0.0
2026-07-23,0.0
2026-07-24,0.0
2026-07-27,0.0
2026-07-28,0.0
2026-07-29,0.0
2026-07-30,0.0
2026-07-31,0.0
2026-08-03,0.0
2026-08-04,0.0
2026-08-05,-0.02853432128296335
2026-08-06,0.03099660575716423
2026-08-07,0.024207437031557477
2026-08-10,-0.042871430073464944
2026-08-11,0.006601770856
2026-08-12,-0.058694114709659906
2026-08-13,-0.005107621581743382
2026-08-14,0.008527702885390731
2026-08-17,-0.025711459165782047
2026-08-18,-0.021358251870846945
2026-08-19,0.02626488267800564
2026-08-20,-0.02986109279614252
2026-08-21,0.01642295286394513
2026-08-24,-0.03595678530140861
2026-08-25,0.045582903740424896
2026-08-26,-0.04405282179418912
2026-08-27,0.046082903740424896
2026-08-28,-0.035242257435351254
2026-08-31,-0.01369861671503625
2026-09-01,-0.03240748559250928
2026-09-02,0.0
2026-09-03,0.0016360632690413106
2026-09-04,0.020135235592554368
2026-09-08,0.053339638444728
2026-09-09,-0.03665594352798862
2026-09-10,0.008043874788646932
2026-09-11,-0.030532927258438924
