,ret
2022-03-30,-0.02660792078769112
2022-03-31,-0.01396402722203179
2022-04-01,0.002889991940136431
2022-04-04,0.019739594961422188
2022-04-05,-0.04406565552227824
2022-04-06,-0.04024334584665556
2022-04-07,-0.0015327579438242731
2022-04-08,-0.030463378995291352
2022-04-11,-0.01946789962495722
2022-04-12,-0.05936319630997594
2022-04-13,0.037571815845475386
2022-04-14,-0.044547810358595175
2022-04-18,-0.02028671912329233
2022-04-19,0.01510459921030871
2022-04-20,-0.03533427778669018
2022-04-21,-0.04550506631227528
2022-04-22,-0.03314834997767505
2022-04-25,-0.0032877045911570727
2022-04-26,-0.0921131170194724
2022-04-27,-0.010993325668523013
2022-04-28,0.02677461528069201
2022-04-29,-0.031194296856916912
2022-05-02,0.04220728597697624
2022-05-03,0.010247876747445058
2022-05-04,0.04704898486573331
2022-05-05,-0.07974072318011122
2022-05-06,-0.031095000105873828
2022-05-09,-0.06611056182468399
2022-05-10,-0.09767437420199465
2022-05-11,-0.08378189489590314
2022-05-12,0.02913286078892113
2022-05-13,0.1288301258165441
2022-05-16,-0.10681132960254394
2022-05-17,0.06963381845808765
2022-05-18,-0.04502135397940554
2022-05-19,0.04934160741994778
2022-05-20,-0.029928451312896433
2022-05-23,-0.02065349581425237
2022-05-24,-0.05180937696851945
2022-05-25,0.020134670726505283
2022-05-26,0.0627603702935057
2022-05-27,0.03443838355511889
2022-05-31,0.014041092804165637
2022-06-01,-0.051264086718047074
2022-06-02,0.05927315480862535
2022-06-03,-0.03743021504241306
2022-06-06,-0.04156107300392008
2022-06-07,-0.0294145610120047
2022-06-08,-0.01604385238033549
2022-06-09,-0.06750697359876899
2022-06-10,-0.027843473552007406
2022-06-13,-0.10719530750956283
2022-06-14,-0.01174917044243969
2022-06-15,0.01968618709145118
2022-06-16,-0.042754713598738794
2022-06-17,0.07162090925448239
2022-06-21,-0.029371936444113546
2022-06-22,-0.05437086035605685
2022-06-23,-0.005917874955800113
2022-06-24,0.00710921623704828
2022-06-27,-0.02033109656998945
2022-06-28,-0.04955824854666359
2022-06-29,-0.048754492674570014
2022-06-30,0.0013569523070344064
2022-07-01,0.0210055596991451
2022-07-05,0.05376047878602154
2022-07-06,-0.017044696050124764
2022-07-07,0.09524474861869273
2022-07-08,0.038938032792002364
2022-07-11,-0.05700784311491557
2022-07-12,-0.04281927988512027
2022-07-13,0.015446926355208685
2022-07-14,-0.012797700826513214
2022-07-15,0.031098536421237867
2022-07-18,0.021211519086717586
2022-07-19,0.10195666001635244
2022-07-20,0.047258031800874435
2022-07-21,0.004383767431525687
2022-07-22,-0.07330801080489709
2022-07-25,-0.04154916601261135
2022-07-26,-0.06143796960486169
2022-07-27,0.06125532379160678
2022-07-28,0.037340213138942584
2022-07-29,-0.0037194166240349094
2022-08-01,-0.00041603641985294045
2022-08-02,0.04350343789694259
2022-08-03,0.07487227852320325
2022-08-04,-0.022469138918289572
2022-08-05,0.029391686411206118
2022-08-08,0.054876845023408054
2022-08-09,-0.024541884872865773
2022-08-10,0.10722466220352814
2022-08-11,0.023368075662022852
2022-08-12,0.04043603937485155
2022-08-15,0.031221426215371533
2022-08-16,-0.04622377918453111
2022-08-17,-0.08101729816033502
2022-08-18,-0.01867491888326008
2022-08-19,-0.08272116743004111
2022-08-22,-0.033386694289955776
2022-08-23,0.00533624423670237
2022-08-24,0.008640028176987707
2022-08-25,0.019675060945674172
2022-08-26,-0.03987582262716481
2022-08-29,-0.0020035142768488976
2022-08-30,0.018122085310859053
2022-08-31,-0.013669312259619095
2022-09-01,-0.049489902185703476
2022-09-02,-0.007745899934045619
2022-09-06,-0.050672220852092
2022-09-07,-0.006916873049626146
2022-09-08,0.06724909276349557
2022-09-09,0.06994058838185409
2022-09-12,0.018522345358700697
2022-09-13,-0.07191439993831394
2022-09-14,0.0017908603433770538
2022-09-15,-0.008278707242437103
2022-09-16,-0.011299264940330473
2022-09-19,-0.03867316163628979
2022-09-20,-0.04852118232607414
2022-09-21,0.01472551655435663
2022-09-22,-0.028105121175808653
2022-09-23,-0.043921131887564205
2022-09-26,-0.01239307004037752
2022-09-27,0.027706235862236268
2022-09-28,0.06717499607992082
2022-09-29,-0.03595207918219042
2022-09-30,0.010215191044379788
2022-10-03,0.018365412743510504
2022-10-04,0.09017560139799295
2022-10-05,-0.013811280113596095
2022-10-06,0.011929916064919388
2022-10-07,-0.10602617388850494
2022-10-10,-0.02965440696899004
2022-10-11,-0.038761911881815485
2022-10-12,0.0027929133496505387
2022-10-13,0.02517775612115232
2022-10-14,-0.05248598248387564
2022-10-17,0.04925600634925437
2022-10-18,-0.030272209615467838
2022-10-19,-0.014756944330368133
2022-10-20,-0.021049832223267784
2022-10-21,0.006261710960836648
2022-10-24,0.007495915436660467
2022-10-25,0.10789561901564235
2022-10-26,0.08797845628969195
2022-10-27,-0.05258596063219799
2022-10-28,0.024807308095782552
2022-10-31,-0.049377115383862615
2022-11-01,-0.017678472483748597
2022-11-02,-0.06052304676831173
2022-11-03,-0.03566921021295814
2022-11-04,0.03742372704567246
2022-11-07,0.0011129058087172385
2022-11-08,-0.06549772387471745
2022-11-09,-0.11660719341640954
2022-11-10,0.06797801402313429
2022-11-11,0.09363529526770889
2022-11-14,-0.04897673211666979
2022-11-15,0.015193571076518567
2022-11-16,-0.05004472886462918
2022-11-17,-0.047430110788004375
2022-11-18,-0.0435542557996707
2022-11-21,-0.10702659754818532
2022-11-22,-0.021386063586064853
2022-11-23,0.10394559049762256
2022-11-25,-0.0019371415358184398
2022-11-28,-0.050865535136773644
2022-11-29,-0.01988196582713288
2022-11-30,0.03162073887006668
2022-12-01,0.014513256132645628
2022-12-02,0.057635689647843893
2022-12-05,-0.04819616518410126
2022-12-06,0.00045739022093784637
2022-12-07,-0.05960425127070179
2022-12-08,0.05541723581043056
2022-12-09,0.015837125378773166
2022-12-12,-0.04993003770300344
2022-12-13,-0.03072422696789523
2022-12-14,-0.011647004096129638
2022-12-15,-0.059297348561495766
2022-12-16,-0.0170208691269075
2022-12-19,-0.029734763155506768
2022-12-20,0.01510865976139101
2022-12-21,0.016783077214860404
2022-12-22,-0.04042321589359642
2022-12-23,0.03840784459660951
2022-12-27,-0.0520922655207423
2022-12-28,-0.07307245983053845
2022-12-29,0.05546265794717232
2022-12-30,0.08081869022605764
2023-01-03,0.018153920294132264
2023-01-04,0.08259778809936649
2023-01-05,0.015738027738877888
2023-01-06,-0.025904118767468173
2023-01-09,0.08019857217546902
2023-01-10,0.0882512857062659
2023-01-11,-0.00341923056409386
2023-01-12,0.09562927638966756
2023-01-13,0.04955154554347102
2023-01-17,0.07549472779269413
2023-01-18,-0.07926722903100668
2023-01-19,-0.014383625946630212
2023-01-20,0.08280635977192045
2023-01-23,0.04645410238518588
2023-01-24,-0.003523099633872762
2023-01-25,0.006700008499569626
2023-01-26,0.03163098548232801
2023-01-27,0.039879304297663135
2023-01-30,-0.05641594511884103
2023-01-31,0.02373670559389999
2023-02-01,0.05767867026357546
2023-02-02,0.07876338164670094
2023-02-03,-0.043318041863164014
2023-02-06,4.293278914657694e-06
2023-02-07,-0.015644133162998487
2023-02-08,-0.009948503152348277
2023-02-09,-0.078504692441338
2023-02-10,-0.042882846069736524
2023-02-13,0.01759863897175484
2023-02-14,0.07179906715026294
2023-02-15,0.1977011141776051
2023-02-16,-0.007141361023024631
2023-02-17,-0.02309906029905693
2023-02-21,-0.051583707468518425
2023-02-22,-0.00884820109161294
2023-02-23,-0.024513575125919212
2023-02-24,-0.05096325136587348
2023-02-27,-0.01538149582892162
2023-02-28,0.006942658613854642
2023-03-01,-0.028076160492976805
2023-03-02,0.010302605160294223
2023-03-03,0.0008930488765987278
2023-03-06,-0.004046555249770989
2023-03-07,-0.00994102595677776
2023-03-08,-0.015798628218618195
2023-03-09,-0.07197474094615765
2023-03-10,-0.015231804257672342
2023-03-13,0.13268393255212266
2023-03-14,0.012857146147452201
2023-03-15,-0.008871067822293374
2023-03-16,0.029617220528819245
2023-03-17,0.07859060343632396
2023-03-20,0.002451186776865916
2023-03-21,0.11049522851572587
2023-03-22,-0.08579406618319
2023-03-23,0.07735101194952315
2023-03-24,-0.056183948673146814
2023-03-27,-0.05192789470480549
2023-03-28,-0.003017060722397657
2023-03-29,0.07469498736868009
2023-03-30,-0.011830654815434992
2023-03-31,0.07266140247973692
2023-04-03,0.006405745929846514
2023-04-04,-0.024814930671068786
2023-04-05,-0.046439356436981105
2023-04-06,0.032325582218213744
2023-04-10,0.11538056178090253
2023-04-11,0.06237984152145213
2023-04-12,-0.0378753837721351
2023-04-13,0.15771847266845912
2023-04-14,-0.025750283597877788
2023-04-17,-0.024301654040659124
2023-04-18,0.05678394945565425
2023-04-19,-0.08145571342233754
2023-04-20,-0.06598896682871938
2023-04-21,0.006388341797542496
2023-04-24,-0.012118376485201905
2023-04-25,0.0003454892721015783
2023-04-26,0.07090810268176662
2023-04-27,0.026057289755327468
2023-04-28,-0.009782406522827726
2023-05-01,-0.07563648285224564
2023-05-02,0.057642352127766965
2023-05-03,-0.010448512271614956
2023-05-04,-0.008562661846450825
2023-05-05,0.022869074800337064
2023-05-08,-0.07426423146962385
2023-05-09,0.03597235082972463
2023-05-10,0.05920968262642331
2023-05-11,-0.09515854340642518
2023-05-12,0.027111884468856335
2023-05-15,0.057552234568597385
2023-05-16,-0.016380791934647587
2023-05-17,0.03419667498924457
2023-05-18,-0.039739909501173565
2023-05-19,-0.004071754649777343
2023-05-22,0.02075909099336694
2023-05-23,-0.006068460365853309
2023-05-24,-0.0311940405950362
2023-05-25,-0.027172791907987805
2023-05-26,0.02523321254221711
2023-05-30,0.0383614698751406
2023-05-31,-0.010674559537810713
2023-06-01,0.005157429351695811
2023-06-02,-0.014486513759895198
2023-06-05,-0.05540005337142966
2023-06-06,0.043837170348024174
2023-06-07,-0.03352786634690511
2023-06-08,0.004867831523414504
2023-06-09,-0.014853757900444573
2023-06-12,0.05739420722431798
2023-06-13,0.058425827579003546
2023-06-14,-0.0031193843562145047
2023-06-15,-0.024307166672633974
2023-06-16,0.1650463665373675
2023-06-20,0.08407969905332636
2023-06-21,0.03140803250520981
2023-06-22,0.013675188472600002
2023-06-23,0.025547537896126755
2023-06-26,-0.06234321910254283
2023-06-27,0.04934998582518213
2023-06-28,-0.016543656473799795
2023-06-29,0.04680138758164465
2023-06-30,-0.008098861293026763
2023-07-03,0.12041830414098745
2023-07-05,0.05872736490955684
2023-07-06,0.02589702325238378
2023-07-07,0.08221671914664141
2023-07-10,0.0894834096844825
2023-07-11,-0.016102259476941827
2023-07-12,-0.0024861865113479827
2023-07-13,0.1730200318777375
2023-07-14,-0.05878938886697101
2023-07-17,-0.021845689871873738
2023-07-18,-0.036785754493030176
2023-07-19,0.0436874755203575
2023-07-20,-0.06607381502922262
2023-07-21,-0.005956115080474055
2023-07-24,-0.05597017504443247
2023-07-25,-0.0052677354022526894
2023-07-26,0.01626161532684539
2023-07-27,-0.06072877789859274
2023-07-28,0.02219211845450758
2023-07-31,0.0023223748700919957
2023-08-01,-0.0465355232357618
2023-08-02,-0.0025037194692325575
2023-08-03,-0.0324257453792325
2023-08-04,-0.04248932821364515
2023-08-07,-0.029971627795315776
2023-08-08,0.07057280778042899
2023-08-09,-0.029925177276476957
2023-08-10,0.008658195673060975
2023-08-11,0.08559684654907886
2023-08-14,-0.03281718667713146
2023-08-15,-0.02449075994708352
2023-08-16,-0.02207803883785211
2023-08-17,-0.059630737728803763
2023-08-18,-0.027597357417291704
2023-08-21,-0.021355160260428455
2023-08-22,-0.028186540984725488
2023-08-23,0.0641322092729875
2023-08-24,-0.05807067696463876
2023-08-25,0.0038453361514198163
2023-08-28,0.005213775901654486
2023-08-29,0.14650280454162382
2023-08-30,-0.0014980225292169735
2023-08-31,-0.06316648609721479
2023-09-01,-0.05542500823676813
2023-09-05,-0.01941365980917599
2023-09-06,-0.01144535180114194
2023-09-07,-0.005005332138900272
2023-09-08,-0.0070924670404683594
2023-09-11,-0.06887311196198276
2023-09-12,0.009021030156352066
2023-09-13,0.0017050934525715822
2023-09-14,0.05398638124343069
2023-09-15,-0.0010466314501644258
2023-09-18,0.009953687030755684
2023-09-19,-0.017267227225532866
2023-09-20,-0.04604117258227195
2023-09-21,-0.021175434571806484
2023-09-22,-0.05555136432069015
2023-09-25,-0.021967371865705406
2023-09-26,-0.06542666365029182
2023-09-27,0.01826076094177877
2023-09-28,0.030050238041706086
2023-09-29,-0.021428006669272154
2023-10-02,0.006935546169647515
2023-10-03,-0.094649074719742
2023-10-04,0.031739407299756384
2023-10-05,-0.03947469514806137
2023-10-06,0.07674566865178434
2023-10-09,-0.04437610041298218
2023-10-10,0.0104950889923948
2023-10-11,-0.06413556918937968
2023-10-12,-0.036305564601023056
2023-10-13,-0.047995713261665865
2023-10-16,0.067226879018602
2023-10-17,0.04844883271545915
2023-10-18,-0.07506619240100833
2023-10-19,-0.02729454306160395
2023-10-20,0.004032213715245793
2023-10-23,0.04540555238231532
2023-10-24,0.09322629778667735
2023-10-25,0.04226520538597184
2023-10-26,-0.06548257523575064
2023-10-27,0.009818396712562814
2023-10-30,-0.009253691387780316
2023-10-31,0.0030158018733687135
2023-11-01,0.012533103958123938
2023-11-02,0.08445353336626497
2023-11-03,0.008258230869596242
2023-11-06,-0.043513947292575496
2023-11-07,-0.0020758339414691336
2023-11-08,-0.06152147665358713
2023-11-09,-0.053245161554810884
2023-11-10,0.016876757179010566
2023-11-13,-0.014831192859141713
2023-11-14,0.025259821861514816
2023-11-15,0.04024832718678127
2023-11-16,-0.08050792707984245
2023-11-17,0.010360322373152448
2023-11-20,0.08624693647529427
2023-11-21,-0.046708244978394875
2023-11-22,0.0410060960248527
2023-11-24,0.08664210600086826
2023-11-27,-0.007160860981000106
2023-11-28,0.08551624100011694
2023-11-29,0.023589753193612985
2023-11-30,-0.02543498466450962
2023-12-01,0.15021436246365175
2023-12-04,0.04232816869444267
2023-12-05,0.026696312307521987
2023-12-06,-0.01983147393961106
2023-12-07,-0.0015622374817026979
2023-12-08,0.08874679560254432
2023-12-11,-0.15274219498624766
2023-12-12,0.0036396387484743595
2023-12-13,0.10402979834525364
2023-12-14,0.0517233672086614
2023-12-15,0.049559833631506525
2023-12-18,0.06430841795586041
2023-12-19,0.02570491854389345
2023-12-20,0.011956046557231776
2023-12-21,0.12040198030290128
2023-12-22,0.0821566209500234
2023-12-26,0.07963132040766702
2023-12-27,0.15706394154109496
2023-12-28,-0.05203086237659472
2023-12-29,-0.18253683671436344
2024-01-02,-0.043180113977693
2024-01-03,-0.04977448614380018
2024-01-04,0.024923239757914918
2024-01-05,-0.05955372729456885
2024-01-08,0.05270198394713535
2024-01-09,-0.0486420698236241
2024-01-10,0.007415355055561143
2024-01-11,-0.07252248149494295
2024-01-12,-0.11966201218382849
2024-01-16,-0.04733501883901282
2024-01-17,-0.0349630433487237
2024-01-18,-0.09589219250133314
2024-01-19,0.012185819355979715
2024-01-22,0.027802720964429352
2024-01-23,-0.03867967337088736
2024-01-24,-0.03192011000585799
2024-01-25,0.0637521357331231
2024-01-26,0.11800608061417778
2024-01-29,0.08946310495043387
2024-01-30,-0.021399224638886067
2024-01-31,-0.06600844523412586
2024-02-01,0.0002024663605747854
2024-02-02,-0.02497694812818705
2024-02-05,-0.07656715162560092
2024-02-06,0.049738366861688976
2024-02-07,0.02560711328698049
2024-02-08,0.16126069099337292
2024-02-09,0.13451840778604382
2024-02-12,0.13432816203539633
2024-02-13,-0.06342125696352507
2024-02-14,0.1488619815730942
2024-02-15,-0.03780719877616887
2024-02-16,-0.03918816097846447
2024-02-20,-0.03601612620127983
2024-02-21,-0.0705189898779398
2024-02-22,0.013162746723620293
2024-02-23,-0.053801913879426455
2024-02-26,0.17444530061882346
2024-02-27,-0.0012079124883488952
2024-02-28,-0.08779834078035291
2024-02-29,-0.06751059268686675
2024-03-01,0.048262735530069836
2024-03-04,-0.053026177942746444
2024-03-05,-0.071527764628685
2024-03-06,0.09337401526445764
2024-03-07,0.0028734141769399067
2024-03-08,0.05852841996546935
2024-03-11,-0.1093948241603378
2024-03-12,-0.015750063542281867
2024-03-13,0.042332225015673776
2024-03-14,-0.058484320356778446
2024-03-15,0.0947350336831196
2024-03-18,0.008823650864114756
2024-03-19,-0.0019935815733106415
2024-03-20,0.20094289132279794
2024-03-21,0.0060600617781171135
2024-03-22,-0.048938591928916066
2024-03-25,0.09532155734604433
2024-03-26,-0.0045730487342800115
2024-03-27,0.009246282157877038
2024-03-28,-0.0003665924932639113
2024-04-01,-0.013799562440659425
2024-04-02,-0.07887091865035503
2024-04-03,-0.0093146729175384
2024-04-04,0.0009404957441851245
2024-04-05,-0.02546004551641887
2024-04-08,-0.005299741085192265
2024-04-09,-0.030736808423310905
2024-04-10,-0.014476127759073918
2024-04-11,-0.004676696050577873
2024-04-12,-0.06374320747815738
2024-04-15,-0.05018476198340034
2024-04-16,-0.026794074954821202
2024-04-17,0.02917408683342063
2024-04-18,0.06279587908153231
2024-04-19,0.052603974441162715
2024-04-22,0.13119090626389035
2024-04-23,0.04288603662558779
2024-04-24,-0.052032576265899626
2024-04-25,-0.01683072523481279
2024-04-26,-0.008029163580642743
2024-04-29,-0.06618974243257972
2024-04-30,-0.07760617647654086
2024-05-01,-0.009935976655764733
2024-05-02,0.0348857392320614
2024-05-03,0.02367465058764891
2024-05-06,0.07867534658619793
2024-05-07,-0.06229338616260582
2024-05-08,-0.0034437385338393356
2024-05-09,0.01492935248422091
2024-05-10,-0.05118932843803619
2024-05-13,-0.0013973013715629832
2024-05-14,-0.020513006120681687
2024-05-15,0.08806727515042612
2024-05-16,0.009985078649891474
2024-05-17,-0.013587354580127498
2024-05-20,0.07827827498386822
2024-05-21,0.014961449420198043
2024-05-22,0.024948874550414463
2024-05-23,-0.07379869410769513
2024-05-24,0.0586322196341786
2024-05-28,-0.0018847592648991718
2024-05-29,-0.012274208692818901
2024-05-30,-0.01567485774430647
2024-05-31,-0.0009175536916691991
2024-06-03,-0.002006642198966217
2024-06-04,0.10264063447262836
2024-06-05,0.0379060747486216
2024-06-06,0.06443933062611024
2024-06-07,-0.025940863782611994
2024-06-10,0.0067037326068787135
2024-06-11,0.0643345509580376
2024-06-12,0.09240734949418973
2024-06-13,0.07741529332788913
2024-06-14,-0.017322052270479022
2024-06-17,0.05620861017848493
2024-06-18,-0.007941975456761266
2024-06-20,0.03778555688231298
2024-06-21,-0.07669736021054922
2024-06-24,-0.026875743030699395
2024-06-25,0.07033210414138884
2024-06-26,-0.02800803587407271
2024-06-27,-0.0059145868080184485
2024-06-28,-0.00230859076952176
2024-07-01,0.09982648210504773
2024-07-02,0.024749194706726485
2024-07-03,0.008055723995242327
2024-07-05,0.01981191005613068
2024-07-08,0.0056154390232503095
2024-07-09,-0.07526920069556203
2024-07-10,-0.014753914714955128
2024-07-11,-0.04625689593326574
2024-07-12,0.08765813878667982
2024-07-15,0.13367407594451247
2024-07-16,0.054610531903469706
2024-07-17,-0.05556576165645125
2024-07-18,-0.09532512915208155
2024-07-19,0.07796618395164708
2024-07-22,0.036668454343913706
2024-07-23,-0.046196852184488914
2024-07-24,-0.07436077471732548
2024-07-25,-0.07478952583275578
2024-07-26,0.025038508436695937
2024-07-29,-0.03094756208683891
2024-07-30,-0.05001371165135942
2024-07-31,0.034347083620981156
2024-08-01,-0.05969699705030012
2024-08-02,-0.10203748653399324
2024-08-05,-0.04736143935591643
2024-08-06,0.025127883943404702
2024-08-07,-0.08741776790245387
2024-08-08,0.1205729210494466
2024-08-09,-0.043240286973437195
2024-08-12,-0.032207518499756393
2024-08-13,-0.018973983865745815
2024-08-14,-0.016314589367407945
2024-08-15,0.012386283953319269
2024-08-16,0.039550994681693964
2024-08-19,0.046189093351884286
2024-08-20,-0.004252102034231727
2024-08-21,0.041865343664632126
2024-08-22,-0.03692932128250085
2024-08-23,0.0638994865289509
2024-08-26,-0.033425339543685095
2024-08-27,-0.051828285858586315
2024-08-28,-0.06613926410389673
2024-08-29,0.031436992597360845
2024-08-30,-0.017169708192590227
2024-09-03,-0.11325640409163078
2024-09-04,-0.020569988843534278
2024-09-05,0.017947758460958307
2024-09-06,-0.07246286554736517
2024-09-09,0.08637175980241539
2024-09-10,0.06261362736606974
2024-09-11,0.008155828793125819
2024-09-12,0.006185560658594398
2024-09-13,0.014581809930635218
2024-09-16,-0.02049790366211181
2024-09-17,0.02273452470313508
2024-09-18,-0.022802309245776715
2024-09-19,0.021948140460771905
2024-09-20,-0.002643538572933146
2024-09-23,0.037775645566136974
2024-09-24,0.08995716935969804
2024-09-25,0.009195382041425837
2024-09-26,0.04233799059080795
2024-09-27,0.005173040960329278
2024-09-30,-0.06171762396768518
2024-10-01,-0.08052880493899603
2024-10-02,0.024608107877571544
2024-10-03,0.007353015896616227
2024-10-04,0.04944973348737765
2024-10-07,-0.04159349684090256
2024-10-08,-0.02050877759846211
2024-10-09,-0.03804467554389827
2024-10-10,-0.002637682846817406
2024-10-11,0.08868503447550986
2024-10-14,0.0733404914014181
2024-10-15,0.004162049633793739
2024-10-16,0.09463491298836742
2024-10-17,-0.02786707721740707
2024-10-18,0.0733186792837665
2024-10-21,0.047674585879941424
2024-10-22,0.001557651395316439
2024-10-23,-0.04848619438681814
2024-10-24,0.02719425403929602
2024-10-25,-0.01586273973514999
2024-10-28,0.13165151784450382
2024-10-29,-0.022366325825179646
2024-10-30,-0.00670175093169606
2024-10-31,-0.09821700204413909
2024-11-01,0.00016552180406244788
2024-11-04,-0.05068559998841091
2024-11-05,0.06555066145610784
2024-11-06,0.20173506658151097
2024-11-07,0.03230873800179475
2024-11-08,0.00910396623098486
2024-11-11,0.18097323311921573
2024-11-12,-0.02204617351381586
2024-11-13,-0.08428627433011641
2024-11-14,-0.042485894146513895
2024-11-15,0.03774983380232843
2024-11-18,-0.010075445412361678
2024-11-19,0.021200693221498684
2024-11-20,-0.015292142904298868
2024-11-21,-0.048135439469414704
2024-11-22,0.09500785776204627
2024-11-25,-0.018741877253035277
2024-11-26,-0.08744607417669195
2024-11-27,0.14615237477622672
2024-11-29,0.06627045892650452
2024-12-02,-0.04844965888076095
2024-12-03,-0.0006488813349386224
2024-12-04,0.09088993681733715
2024-12-05,-0.004084151666104983
2024-12-06,0.09626967799885833
2024-12-09,-0.07914552278477392
2024-12-10,-0.06404990758994006
2024-12-11,0.03887062528846469
2024-12-12,0.015447881350184248
2024-12-13,-0.03170061899662522
2024-12-16,0.10745191283303746
2024-12-17,-0.01879394031464874
2024-12-18,-0.11384396304487311
2024-12-19,-0.06782047836757787
2024-12-20,0.032823198634560936
2024-12-23,-0.07040891980207054
2024-12-24,0.0810569484457081
2024-12-26,-0.018919187749784402
2024-12-27,-0.06281322835592323
2024-12-30,-0.04540422001584404
2024-12-31,-0.00987255668665395
2025-01-02,0.03675775315732989
2025-01-03,0.12738730782491836
2025-01-06,0.031230396361752323
2025-01-07,-0.07558159817074066
2025-01-08,-0.06832990254204072
2025-01-10,0.0007060099993373433
2025-01-13,-0.03426239227651197
2025-01-14,0.053012773213325384
2025-01-15,0.08303709357046254
2025-01-16,-0.004219902290594085
2025-01-17,0.038304206796368145
2025-01-21,-0.040359553578872845
2025-01-22,0.01646225920029918
2025-01-23,0.003028002657579243
2025-01-24,0.04242797119351989
2025-01-27,-0.2286003548501014
2025-01-28,0.013559006122111212
2025-01-29,0.014181750322481163
2025-01-30,0.055892929446439824
2025-01-31,0.023877316637114898
2025-02-03,0.01376616458090239
2025-02-04,0.0005107528541413147
2025-02-05,-0.020581005916962714
2025-02-06,0.019188344856528573
2025-02-07,0.028650779591388523
2025-02-10,0.012984513883756172
2025-02-11,-0.06093002099495298
2025-02-12,0.024528334050496592
2025-02-13,0.015976733863456882
2025-02-14,-0.0028035558020465903
2025-02-18,-0.03752168016951718
2025-02-19,-0.0007377020174636666
2025-02-20,-0.012941605055230085
2025-02-21,-0.09929965274558544
2025-02-24,-0.050819805012448
2025-02-25,-0.14333618776894907
2025-02-26,0.01243713120745486
2025-02-27,-0.0288111877448244
2025-02-28,0.07577049586550177
2025-03-03,-0.06877761176187243
2025-03-04,-0.014086694181122406
2025-03-05,0.07279183004888241
2025-03-06,-0.0747271265647943
2025-03-07,0.033961919731582135
2025-03-10,-0.13878076590357752
2025-03-11,0.04273306179512466
2025-03-12,0.006733351982297352
2025-03-13,-0.05704794163434277
2025-03-14,0.055692331115761474
2025-03-17,0.017210513407691898
2025-03-18,-0.08395356414048755
2025-03-19,0.0857682670596399
2025-03-20,-0.022108441821568382
2025-03-21,-0.013108610520463025
2025-03-24,0.11374548740911919
2025-03-25,-0.037788876186377274
2025-03-26,-0.08736948032246454
2025-03-27,-0.029250079710583705
2025-03-28,-0.07336162019257603
2025-03-31,-0.018244546374177512
2025-04-01,0.08347405474099961
2025-04-02,0.04236131973780554
2025-04-03,-0.10117228411894304
2025-04-04,-0.04441974606387228
2025-04-07,0.021399889719845296
2025-04-08,-0.09050395493159427
2025-04-09,0.14866727547026065
2025-04-10,-0.09532872540762502
2025-04-11,0.05211588519077688
2025-04-14,0.014955036699995759
2025-04-15,-0.06316692144407668
2025-04-16,0.0007617649126546713
2025-04-17,0.022845542918583796
2025-04-21,-0.021104090978225076
2025-04-22,0.16080987725599252
2025-04-23,0.03392227353408228
2025-04-24,0.046554846930828134
2025-04-25,0.019965624972764235
2025-04-28,-0.023612015092277207
2025-04-29,-0.013677972816931375
2025-04-30,-0.04421013018397692
2025-05-01,0.08723757053479793
2025-05-02,0.024253530487238845
2025-05-05,-0.06671441732095486
2025-05-06,0.029843175827248786
2025-05-07,0.00097968674165753
2025-05-08,0.0928262171635651
2025-05-09,-0.0046660102834941725
2025-05-12,0.07453445306861231
2025-05-13,0.06516072706208494
2025-05-14,-0.03047185323357667
2025-05-15,-0.03230224509606679
2025-05-16,0.10977254477692895
2025-05-19,0.007968412330397984
2025-05-20,-0.00601381974910629
2025-05-21,-0.013720142363288444
2025-05-22,0.025182318850726672
2025-05-23,-0.033722305812820055
2025-05-27,0.02504984026161331
2025-05-28,-0.05733770380035326
2025-05-29,-0.02409906934220533
2025-05-30,-0.03670043587098777
2025-06-02,0.015138508938784231
2025-06-03,0.04327805935925177
2025-06-04,0.06524359328537464
2025-06-05,-0.05743687402242478
2025-06-06,0.1101475288815021
2025-06-09,0.032915178523566985
2025-06-10,0.002264182714242076
2025-06-11,-0.014454023409651962
2025-06-12,-0.029870255172555888
2025-06-13,-0.04284561868265278
2025-06-16,0.05857083656865909
2025-06-17,-0.07164124023389017
2025-06-18,-0.004482695855779798
2025-06-20,-0.007595277516446247
2025-06-23,-0.032313358487721065
2025-06-24,0.07911196306491781
2025-06-25,0.010713264456055305
2025-06-26,0.08034999198272162
2025-06-27,-0.005398394782407832
2025-06-30,0.053804766741449885
2025-07-01,0.01108396796255397
2025-07-02,0.1245201695558075
2025-07-03,0.04268135380004484
2025-07-07,-0.04610086935973573
2025-07-08,0.00289678558338441
2025-07-09,0.030194965510629095
2025-07-10,0.021502502835065846
2025-07-11,-0.029665626245339083
2025-07-14,0.02777783275507269
2025-07-15,-0.034830011916636594
2025-07-16,0.048694036223842344
2025-07-17,0.02222765414718697
2025-07-18,-0.016666501356537505
2025-07-21,-0.012116372818292363
2025-07-22,0.048889414034385695
2025-07-23,-0.006536609879281247
2025-07-24,-0.005128285400241978
2025-07-25,-0.03180124563150575
2025-07-28,-0.023649132023507952
2025-07-29,-0.035143028744420456
2025-07-30,-0.017492426729897426
2025-07-31,0.013692046614075859
2025-08-01,-0.0715444718208856
2025-08-04,0.051757678194742265
2025-08-05,-0.007311696678949153
2025-08-06,0.037642548583831086
2025-08-07,-0.025423327291704708
2025-08-08,-0.02172227386599871
2025-08-11,0.017433397529100485
2025-08-12,0.006863468209869642
2025-08-13,0.028997664666686775
2025-08-14,0.1341971660267006
2025-08-15,-0.004570939524544867
2025-08-18,0.06455466503274723
2025-08-19,-0.07586999983277205
2025-08-20,0.029035784469077577
2025-08-21,-0.01853341845191181
2025-08-22,0.06280142342212452
2025-08-25,0.007170185699675257
2025-08-26,0.03627767088484418
2025-08-27,-0.0008000905644757949
2025-08-28,0.013570416605461006
2025-08-29,0.047199383300742255
2025-09-02,0.04114851539772681
2025-09-03,-0.03389470727441962
2025-09-04,-0.06339686477067089
2025-09-05,0.013873982693229998
2025-09-08,0.010082803980407007
2025-09-09,0.1269323741547325
2025-09-10,0.054718434021523855
2025-09-11,0.007009988527069428
2025-09-12,0.05127266245365614
2025-09-15,0.017204521662792165
2025-09-16,0.03770862752989571
2025-09-17,0.04787509049969629
2025-09-18,0.010697443348993233
2025-09-19,0.006127560303988311
2025-09-22,0.06886769341303238
2025-09-23,-0.023494497770879214
2025-09-24,0.051188435506388213
2025-09-25,-0.06956026366072114
2025-09-26,-0.04100227805898158
2025-09-29,0.08910437441801673
2025-09-30,-0.006180695515736577
2025-10-01,0.019539050849010232
2025-10-02,0.031514773003051666
2025-10-03,0.05829024575175952
2025-10-06,0.06571522984078822
2025-10-07,0.021688012686801424
2025-10-08,0.03362601585524543
2025-10-09,0.05260410104380497
2025-10-10,-0.060015021749044356
2025-10-13,0.10411805833949145
2025-10-14,0.05225010736926623
2025-10-15,0.06780053632159286
2025-10-16,-0.08977938747756187
2025-10-17,-0.018742821162363955
2025-10-20,0.028387642677582273
2025-10-21,-0.07094984217424778
2025-10-22,-0.09637938431096779
2025-10-23,0.046303729144706776
2025-10-24,0.12107460628442301
2025-10-27,0.024986774706502603
2025-10-28,0.009237368756693025
2025-10-29,-0.02705419614598457
2025-10-30,-0.032338709418323834
2025-10-31,0.01698622461643832
2025-11-03,0.07798526246922004
2025-11-04,-0.05924328614318072
2025-11-05,0.050272040555714624
2025-11-06,-0.0837915458404019
2025-11-07,-0.010622643170009199
2025-11-10,-0.039008832382717476
2025-11-11,-0.08581034998094456
2025-11-12,-0.041500886271595185
2025-11-13,-0.13076784892436974
2025-11-14,-0.042804133520013776
2025-11-17,0.004381232435747469
2025-11-18,0.030746572453280312
2025-11-19,-0.02902209096574032
2025-11-20,-0.04268233489219449
2025-11-21,-0.008915066004890468
2025-11-24,0.14828190421180554
2025-11-25,0.0355548055802616
2025-11-26,0.07322919753348722
2025-11-28,0.05629275563264125
2025-12-01,-0.02756322515913682
2025-12-02,-0.0871507282036117
2025-12-03,0.044625195412134416
2025-12-04,0.046273350062917364
2025-12-05,-0.04461695362416256
2025-12-08,0.019864437254356344
2025-12-09,0.031763050585769295
2025-12-10,-0.027265690506722857
2025-12-11,0.013804672338577665
2025-12-12,-0.08989346393143587
2025-12-15,-0.12462022476702725
2025-12-16,0.023281843295507233
2025-12-17,-0.03222172424771787
2025-12-18,0.015626457768203983
2025-12-19,0.09404603863656738
2025-12-22,0.038264475949711586
2025-12-23,-0.0057390845378864075
2025-12-24,0.003522664818534767
2025-12-26,-0.05285291269005905
2025-12-29,-0.011155843748156202
2025-12-30,-0.029690842899402173
2025-12-31,0.004224886224121501
2026-01-02,0.1040889233663386
2026-01-05,0.1002333772839528
2026-01-06,-0.029849736198151823
2026-01-07,-0.03961425234850613
2026-01-08,0.021765988816737487
2026-01-09,0.0030603753473556292
2026-01-12,0.05406986716436861
2026-01-13,0.03424193741469428
2026-01-14,0.027415968176661268
2026-01-15,-0.01827250799385662
2026-01-16,0.053074040725631856
2026-01-20,-0.04908750310403988
2026-01-21,-0.008716881953414597
2026-01-22,-0.017447328752635827
2026-01-23,0.05348596695141779
2026-01-26,-0.05474685270554861
2026-01-27,0.09860334851863516
2026-01-28,0.012808903543833091
2026-01-29,-0.0527018702119744
2026-01-30,-0.07491855471954806
2026-02-02,-0.0110399642569506
2026-02-03,0.03607217556398822
2026-02-04,-0.09651471896178766
2026-02-05,-0.14215690446516283
2026-02-06,0.16107650268191057
2026-02-09,0.09055763674598923
2026-02-10,-0.03033363068637751
2026-02-11,-0.029796745371356972
2026-02-12,-0.048337850377098035
2026-02-13,0.030586097103737567
2026-02-17,-0.03611426908118516
2026-02-18,-0.0018385577436015876
2026-02-19,-0.005329212244097031
2026-02-20,-0.039233503125097505
2026-02-23,0.03257357128954019
2026-02-24,0.08534027514190592
2026-02-25,-0.012717348606106793
2026-02-26,-0.013988678430710794
2026-02-27,-0.054868080258180255
2026-03-02,0.011413706303599353
2026-03-03,-0.06576586613300016
2026-03-04,0.08743609749540478
2026-03-05,-0.04706980658387146
2026-03-06,-0.08468191213954204
2026-03-09,0.03573084574959754
2026-03-10,0.004745404693387578
2026-03-11,0.04394409763298872
2026-03-12,-0.03682620636691404
2026-03-13,0.01188655182039988
2026-03-16,0.07567831011055295
2026-03-17,0.013140570930455064
2026-03-18,-0.03657902599924926
2026-03-19,0.0013918464571647613
2026-03-20,-0.040574087658997296
2026-03-23,0.06622572917770929
2026-03-24,-0.01734351003644028
2026-03-25,0.04055522809661231
2026-03-26,-0.07101059269947516
2026-03-27,-0.050961644198946415
2026-03-30,-0.0862451147818079
2026-03-31,0.07411801172665522
2026-04-01,0.013723175212634739
2026-04-02,0.01631751521791306
2026-04-06,0.031817018322314275
2026-04-07,0.028218608453211166
2026-04-08,0.09641043755114183
2026-04-09,0.0305643167584928
2026-04-10,0.02141372734819047
2026-04-13,0.0625901261808608
2026-04-14,0.05934392438586066
2026-04-15,-0.0018931600160288116
2026-04-16,-0.01352652886551296
2026-04-17,0.05614576426070024
2026-04-20,0.0122844017587773
2026-04-21,-0.05358460571882254
2026-04-22,0.057479141621216735
2026-04-23,-0.004745244191019032
2026-04-24,-0.009904479053896777
2026-04-27,-0.012820242426432999
2026-04-28,-0.04389369651610627
2026-04-29,-0.030893617614821546
2026-04-30,0.06792140436938983
2026-05-01,-0.0032784743118946143
2026-05-04,0.045709774418016304
2026-05-05,0.08315466320024938
2026-05-06,0.14092065882657803
2026-05-07,-0.06349957571739256
2026-05-08,0.0009804036066864783
2026-05-11,-0.015032637522108299
2026-05-12,-0.007237896048024992
2026-05-13,0.01257864495827075
2026-05-14,0.054991943390014786
2026-05-15,-0.07970030360314445
2026-05-18,-0.03503819616729692
2026-05-19,-0.0037583233451785047
2026-05-20,0.04526096202303176
2026-05-21,0.08389932236110431
2026-05-22,-0.0005547929207337004
2026-05-26,0.06164263755736147
2026-05-27,0.06944044485049425
2026-05-28,0.025527325466493278
2026-05-29,-0.01890197534049968
2026-06-01,0.032422956304093156
2026-06-02,0.016616047553189975
2026-06-03,0.001360716023334041
2026-06-04,-0.026418527530449005
2026-06-05,-0.10479747294061886
2026-06-08,0.07202093943109589
2026-06-09,-0.051746933264365
2026-06-10,-0.07021194788339971
2026-06-11,0.09209493660126669
2026-06-12,0.035982352038320634
2026-06-15,0.040020176481151935
2026-06-16,-0.0020353101462951186
2026-06-17,-0.014231499530142095
2026-06-18,0.04236316068732463
2026-06-22,-0.025553707301574913
2026-06-23,-0.011620796524647703
2026-06-24,-0.04510841222230136
2026-06-25,-0.029716771646293827
2026-06-26,0.018488253511566206
2026-06-29,-0.0421040079911239
2026-06-30,-0.021369844496540016
2026-07-01,-0.05674091518911415
2026-07-02,-0.0977362704540829
2026-07-06,0.07197312780732389
2026-07-07,-0.08008483420131748
2026-07-08,0.056913698635225385
2026-07-09,0.03872230027877584
2026-07-10,-0.038282753088669685
2026-07-13,-0.05808380227889111
2026-07-14,0.0011869759510121365
2026-07-15,0.017542031745738502
2026-07-16,-0.095212172156701
2026-07-17,-0.012124103482419823
2026-07-20,0.11216109262901053
2026-07-21,0.07317259057197603
2026-07-22,0.006015482859075216
2026-07-23,0.02495382087851057
2026-07-24,-0.0757372194421287
2026-07-27,-0.035531774480903444
2026-07-28,-0.05624371895354427
2026-07-29,-0.12638558493157437
2026-07-30,0.24210271475189765
2026-07-31,-0.02895569235084946
2026-08-03,0.0692792953405458
2026-08-04,-0.042574017462734606
2026-08-05,-0.05521087729700175
2026-08-06,-0.03390646315173366
2026-08-07,-0.004000896949908203
2026-08-10,-0.07550261219387258
2026-08-11,0.023953092660947785
2026-08-12,0.046819377904365744
2026-08-13,-0.04422436066889288
2026-08-14,0.04100128498378591
2026-08-17,0.025399469970128277
2026-08-18,-0.08083380776896731
