Date,switch_spy_or_holdings_corr
2019-08-12,0.0
2019-08-13,0.0038811962296920453
2019-08-14,-0.010139338928452707
2019-08-15,0.006751594714140273
2019-08-16,0.005251406131132749
2019-08-19,0.004018941194148351
2019-08-20,-0.001336805206769867
2019-08-21,0.004117801643943225
2019-08-22,0.00019947651308702962
2019-08-23,-0.007788426926769899
2019-08-26,0.007412823514144487
2019-08-27,0.0013743316374652287
2019-08-28,-0.0003856769166556334
2019-08-29,0.005173154734392532
2019-08-30,-0.00047684564606229746
2019-09-03,0.007168841219839545
2019-09-04,0.0033952628887080655
2019-09-05,-0.013103397551529271
2019-09-06,-0.0008743421910410581
2019-09-09,-0.007219252996118309
2019-09-10,-0.008391496094141271
2019-09-11,0.002524856877766722
2019-09-12,0.0007743408532803364
2019-09-13,-0.010197056936330728
2019-09-16,0.006853492365946839
2019-09-17,0.006426591044077173
2019-09-18,-0.0001758046233823321
2019-09-19,0.0031998826374720454
2019-09-20,0.0022132146145631346
2019-09-23,0.0019380593138694723
2019-09-24,0.005909256522488859
2019-09-25,-0.007397449168495651
2019-09-26,0.0044870992543242765
2019-09-27,-0.0027213867216908313
2019-09-30,-0.0023762343892906545
2019-10-01,-0.000898617773935019
2019-10-02,-0.001137259082165426
2019-10-03,0.005923276609902758
2019-10-04,0.005504863724894188
2019-10-07,-0.004771009689176591
2019-10-08,-0.0005724889068981692
2019-10-09,0.0006764579634700091
2019-10-10,-0.004710365181281142
2019-10-11,-0.005303972940363595
2019-10-14,0.0013551667191472605
2019-10-15,-0.004556935791837044
2019-10-16,0.0016758702998052085
2019-10-17,0.001729091221664447
2019-10-18,0.002517614095997851
2019-10-21,-0.0003421729301613552
2019-10-22,0.002126624162408806
2019-10-23,0.0019437295079424764
2019-10-24,0.001014936682278246
2019-10-25,-0.005310669751710674
2019-10-28,-0.008935137558402804
2019-10-29,0.0002954598654151014
2019-10-30,0.007728450209117552
2019-10-31,0.005455226410955809
2019-11-01,-0.0018986383161126816
2019-11-04,-0.004899565453128142
2019-11-05,-0.009748237617180232
2019-11-06,0.002878117087010175
2019-11-07,-0.007750106503119174
2019-11-08,-0.0014484212739919137
2019-11-11,0.00012377112178058174
2019-11-12,0.0008612202877528605
2019-11-13,0.004843949580124548
2019-11-14,0.004969169869501772
2019-11-15,0.0020034717304637253
2019-11-18,0.0028068960470911146
2019-11-19,0.0027294974129076304
2019-11-20,0.0011309345696939573
2019-11-21,-0.006410428596579474
2019-11-22,-0.001615572458090833
2019-11-25,0.002863956836943808
2019-11-26,0.005410706610112298
2019-11-27,9.984790715909657e-05
2019-11-29,-0.000581041485067614
2019-12-02,-0.010241745557458876
2019-12-03,0.003987688863860003
2019-12-04,-0.00044433487405501625
2019-12-05,0.0007701365198099038
2019-12-06,0.00032033038319480566
2019-12-09,-0.0015203379940889744
2019-12-10,6.0364949373820084e-05
2019-12-11,0.005542248493092083
2019-12-12,-0.0017336284159662318
2019-12-13,0.00433615486845182
2019-12-16,0.0020763031388400105
2019-12-17,-0.001033267246043658
2019-12-18,-0.00031081337114399196
2019-12-19,0.004034092822737236
2019-12-20,0.0012296443317367511
2019-12-23,0.00039974708241565237
2019-12-24,0.0026420396944158734
2019-12-26,0.005385900039638539
2019-12-27,-0.00025747675438323874
2019-12-30,-0.003751273476035405
2019-12-31,-0.0006076046530089543
2020-01-02,0.010444600513999475
2020-01-03,-0.008873271030635281
2020-01-06,0.004129092977001443
2020-01-07,-0.0025504909157758604
2020-01-08,0.007693970248300969
2020-01-09,0.007660371319683693
2020-01-10,-0.003921997462346176
2020-01-13,0.00977651867703414
2020-01-14,-0.003679550030637228
2020-01-15,0.0006023566974732883
2020-01-16,0.010425630362785559
2020-01-17,0.005788355031675613
2020-01-21,-0.0025318925268873953
2020-01-22,0.0002606237490190163
2020-01-23,0.0013908098881195844
2020-01-24,-0.009628656435718436
2020-01-27,-0.017747729814926953
2020-01-28,0.013760934876126304
2020-01-29,0.0020515171031511427
2020-01-30,0.0031905629223851024
2020-01-31,-0.017868805187215172
2020-02-03,0.008867919264614423
2020-02-04,0.001323671135590082
2020-02-05,3.221005617572437e-05
2020-02-06,0.005925082231855822
2020-02-07,-0.00011822095370054306
2020-02-10,0.007179410136046621
2020-02-11,-0.002357680701760913
2020-02-12,0.002766704466775538
2020-02-13,0.0030355595028972587
2020-02-14,0.005185986435800022
2020-02-18,0.005170213523578218
2020-02-19,0.0018931807588357676
2020-02-20,0.00040416552585453294
2020-02-21,-0.0025482755026052972
2020-02-24,-0.012347309756400877
2020-02-25,-0.018677303730137238
2020-02-26,-0.00020622897507144452
2020-02-27,-0.027957920047761313
2020-02-28,-0.008654290239690261
2020-03-02,0.03444481999981166
2020-03-03,-0.0014791181595183445
2020-03-04,0.01032589876546007
2020-03-05,-0.002814679701135468
2020-03-06,0.00019079800926369815
2020-03-09,-0.016123260842799997
2020-03-10,0.0064550698872539464
2020-03-11,-0.018802642222798503
2020-03-12,-0.025957462724161724
2020-03-13,0.024670609940103012
2020-03-16,-0.028642591832749184
2020-03-17,0.010140833549315382
2020-03-18,-0.018961513521041792
2020-03-19,-0.0008118803035130602
2020-03-20,0.0015159462408105336
2020-03-23,0.007689421558193089
2020-03-24,0.028563606360559934
2020-03-25,-0.001362398434380156
2020-03-26,0.018290389514671178
2020-03-27,-0.005035503547262334
2020-03-30,0.011601115457104256
2020-03-31,-0.00844089088843206
2020-04-01,-0.011248826158847482
2020-04-02,0.008323695086071253
2020-04-03,-0.003235828534859081
2020-04-06,0.02384472044407271
2020-04-07,-0.003775242138198245
2020-04-08,0.0060166447101772
2020-04-09,0.006806361673934211
2020-04-13,-0.0009467361370527797
2020-04-14,0.011990250608419089
2020-04-15,-0.0015390300564864616
2020-04-16,0.005379549799660226
2020-04-17,-0.0014474006713325318
2020-04-20,-0.0027931191026381768
2020-04-21,-0.006874063615431278
2020-04-22,0.007269179058830117
2020-04-23,-0.0004742911336489969
2020-04-24,0.005749004169961318
2020-04-27,-0.0008731746521980345
2020-04-28,-0.003454835499894343
2020-04-29,0.008549257430331839
2020-04-30,-0.0028519602819850626
2020-05-01,-0.0048890031125542795
2020-05-04,0.0033920081194866876
2020-05-05,0.002791808089023979
2020-05-06,-0.002094980197402539
2020-05-07,0.0071055508368127445
2020-05-08,0.0016144806425749218
2020-05-11,-0.00034396193138427
2020-05-12,-0.0046648610349094176
2020-05-13,-0.0020255948593844698
2020-05-14,0.004772204455712681
2020-05-15,0.0007506886926459947
2020-05-18,0.0026004763613742656
2020-05-19,-0.0005405269474896876
2020-05-20,0.005889919567939906
2020-05-21,-0.0040820426716459066
2020-05-22,0.002864793484646144
2020-05-26,-0.002780836350923085
2020-05-27,0.0019404141187335535
2020-05-28,0.00027279268007300014
2020-05-29,0.0028496592041109534
2020-06-01,0.0011601388809512822
2020-06-02,0.0024972325470923535
2020-06-03,-0.004134346054916339
2020-06-04,-0.007398632641990905
2020-06-05,0.007058496494088538
2020-06-08,0.0073285600217303645
2020-06-09,0.004991072081558919
2020-06-10,0.012081150672090007
2020-06-11,-0.02945689294259788
2020-06-12,0.00516143472791047
2020-06-15,0.003170891180983683
2020-06-16,0.010282990233638826
2020-06-17,0.0010299050317086138
2020-06-18,0.0017866927710564432
2020-06-19,0.0008166973690057061
2020-06-22,0.006172007160147812
2020-06-23,0.0035870276663869925
2020-06-24,-0.011593870003488743
2020-06-25,0.007518913141003149
2020-06-26,-0.006979161344801235
2020-06-29,0.006122431616341125
2020-06-30,0.01022861355213286
2020-07-01,0.0015403385633296295
2020-07-02,0.0018918404009282865
2020-07-06,0.008204519960710142
2020-07-07,0.003985321693082354
2020-07-08,0.007572476350396736
2020-07-09,0.006292741995352338
2020-07-10,-0.003186771826176046
2020-07-13,-0.007308875768669411
2020-07-14,0.006620595529580041
2020-07-15,0.0008223452693381123
2020-07-16,-0.004638981148309717
2020-07-17,0.002688730740179171
2020-07-20,0.009827525437938179
2020-07-21,-0.0008326049116936196
2020-07-22,0.005719645387368735
2020-07-23,-0.006410462865957309
2020-07-24,-0.00100305056587906
2020-07-27,0.010232006338153469
2020-07-28,-0.0016423091081085026
2020-07-29,0.007536624894983067
2020-07-30,0.0025455097437248066
2020-07-31,0.012404600221243827
2020-08-03,0.006531090780077365
2020-08-04,0.006969040591710982
2020-08-05,0.0024660749540311635
2020-08-06,0.0071871985307160585
2020-08-07,-0.00864947470601017
2020-08-10,-0.004941576032080152
2020-08-11,-0.02198546569277206
2020-08-12,0.010862850590342456
2020-08-13,0.003888335222474456
2020-08-14,-0.0018541241516326868
2020-08-17,0.011439159858363013
2020-08-18,0.004123520669594141
2020-08-19,-0.01013933849078022
2020-08-20,0.007628479082979556
2020-08-21,0.007148814518526904
2020-08-24,-0.0009780513557069036
2020-08-25,0.0003395946649243115
2020-08-26,0.008067142846613855
2020-08-27,-0.005713379399485741
2020-08-28,0.006654615827656515
2020-08-31,0.005822778153404115
2020-09-01,0.008717871491934991
2020-09-02,0.007387726348347413
2020-09-03,-0.038742339273288344
2020-09-04,-0.011971289319592151
2020-09-08,-0.025116376781243628
2020-09-09,0.021916461949695366
2020-09-10,-0.01566658578547894
2020-09-11,-0.0030724396943722014
2020-09-14,0.014586112552284605
2020-09-15,0.00790134831088404
2020-09-16,-0.009703242102697438
2020-09-17,-0.012381410132622294
2020-09-18,-0.012055072951045442
2020-09-21,-0.006064311913669262
2020-09-22,0.012645498438836696
2020-09-23,-0.023624041205658385
2020-09-24,0.004030843337904574
2020-09-25,0.015514515264129558
2020-09-28,0.01647715198604468
2020-09-29,0.0009829370664679593
2020-09-30,0.003893131973703979
2020-10-01,0.010828830461503174
2020-10-02,-0.014362928714086415
2020-10-05,0.017283696126605793
2020-10-06,-0.015142594369064002
2020-10-07,0.013056129723267012
2020-10-08,0.006321287168322959
2020-10-09,0.011541218584528674
2020-10-12,0.019449969176716035
2020-10-13,-0.0050469850545195125
2020-10-14,-0.006288609210702887
2020-10-15,-0.0011964882628546906
2020-10-16,-0.004732624798397894
2020-10-19,-0.012514536374692123
2020-10-20,0.007192950087288088
2020-10-21,0.003711510355184718
2020-10-22,-0.001508053884693561
2020-10-23,0.0032135493891682506
2020-10-26,-0.016139984492163317
2020-10-27,0.006880785742317141
2020-10-28,-0.03408538001139505
2020-10-29,0.012684337861498779
2020-10-30,-0.018184824669853182
2020-11-02,0.004146955972546206
2020-11-03,0.015387481393558784
2020-11-04,0.03057758268940919
2020-11-05,0.02294098146634198
2020-11-06,0.0010245480378598126
2020-11-09,-0.021466384273202042
2020-11-10,-0.00890782730143981
2020-11-11,0.013855477426601074
2020-11-12,-0.005554716017443449
2020-11-13,0.008179411119837462
2020-11-16,0.007348656782102658
2020-11-17,-0.005099209879756035
2020-11-18,-0.007813023603754488
2020-11-19,0.006109928576421461
2020-11-20,-0.0039012213251437802
2020-11-23,-0.0054904496498375584
2020-11-24,0.006959746999828896
2020-11-25,0.0016228601877270792
2020-11-27,0.0030430544739456986
2020-11-30,4.731236077347434e-05
2020-12-01,0.014861731495628918
2020-12-02,0.002116181326904393
2020-12-03,0.0019504133562101816
2020-12-04,0.0007622397286872905
2020-12-07,0.008270399035576644
2020-12-08,-0.0003632739180932236
2020-12-09,-0.01316689200038813
2020-12-10,-0.000559605518769872
2020-12-11,-0.0003191040267933584
2020-12-14,0.0004407453872443193
2020-12-15,0.014070514826964444
2020-12-16,0.003954155051644087
2020-12-17,0.007053706797563935
2020-12-18,-0.002864097902043212
2020-12-21,-0.0050898070374972605
2020-12-22,-0.0004886598531829702
2020-12-23,-0.0013439623659145497
2020-12-24,0.0032611473589167156
2020-12-28,0.008661590508328204
2020-12-29,-0.0009426346579758506
2020-12-30,0.001503262066317679
2020-12-31,0.0029403692825641036
2021-01-04,-0.005375220457071613
2021-01-05,0.006406258996607194
2021-01-06,-0.009176401807130702
2021-01-07,0.020717342998127084
2021-01-08,0.0032488615320260873
2021-01-11,-0.013690803771778075
2021-01-12,0.0019614082060746036
2021-01-13,0.002449738120675886
2021-01-14,-0.007060849951895081
2021-01-15,-0.008862340153514036
2021-01-19,0.01164306808152094
2021-01-20,0.02166965432551137
2021-01-21,0.007762852905941798
2021-01-22,-0.002772802871195966
2021-01-25,0.00716638785629626
2021-01-26,0.0017813855392630681
2021-01-27,-0.02216393012122451
2021-01-28,-0.00040690418432746955
2021-01-29,-0.018622308692197404
2021-02-01,0.021505531297511024
2021-02-02,0.016705319735471034
2021-02-03,-0.00017367305682782917
2021-02-04,0.007675498000912829
2021-02-05,0.007521649239917742
2021-02-08,0.009865302868217293
2021-02-09,-0.0040362921423065055
2021-02-10,-0.0017297113798550308
2021-02-11,0.004164580706055272
2021-02-12,0.003909627173414354
2021-02-16,-0.0017858014749294977
2021-02-17,-0.0022995550809886676
2021-02-18,-0.004700413566250864
2021-02-19,0.0002616647901900332
2021-02-22,-0.016876683437296702
2021-02-23,-0.001500083195609346
2021-02-24,0.011863844862041156
2021-02-25,-0.03475211447404078
2021-02-26,0.0012882496061555168
2021-03-01,0.028971393022913634
2021-03-02,-0.011043048071650144
2021-03-03,-0.02136061817829807
2021-03-04,-0.018629451373096406
2021-03-05,0.01423658717503624
2021-03-08,-0.013362434884757274
2021-03-09,0.03479125761880866
2021-03-10,0.003571809044597384
2021-03-11,0.018252640935406433
2021-03-12,-0.0022560675517171863
2021-03-15,0.010419918526273466
2021-03-16,-0.0012992977842540025
2021-03-17,0.006449875457277482
2021-03-18,-0.023284421602739018
2021-03-19,0.0018155330025742642
2021-03-22,0.00932510559142965
2021-03-23,-0.010680257732029406
2021-03-24,-0.014586517452744866
2021-03-25,0.004350645632550767
2021-03-26,0.009896640591479567
2021-03-29,-0.0009153134563709918
2021-03-30,0.0005374027296048273
2021-03-31,0.010165643060876537
2021-04-01,0.013112951947773779
2021-04-05,0.008608687136727782
2021-04-06,3.6575466187487005e-05
2021-04-07,-0.0043458568687523855
2021-04-08,0.0015500941631334095
2021-04-09,0.005346854505923629
2021-04-12,0.0052051395498572345
2021-04-13,0.00799105605039183
2021-04-14,0.0014789730146797034
2021-04-15,0.007344322323987477
2021-04-16,0.0022236742933503736
2021-04-19,-0.007642276410938631
2021-04-20,-0.01364073454064613
2021-04-21,0.014818770844093488
2021-04-22,-0.0133945064418862
2021-04-23,0.012952943926285616
2021-04-26,0.004439644101349395
2021-04-27,0.0008278443126719898
2021-04-28,0.005850159675087545
2021-04-29,0.004127585960752125
2021-04-30,-0.007596364661159446
2021-05-03,0.008309811038467296
2021-05-04,0.003569467467989863
2021-05-05,0.005717597965829424
2021-05-06,0.00777974602217927
2021-05-07,0.009377779941152098
2021-05-10,-0.008742248638670512
2021-05-11,-0.005095495496958421
2021-05-12,-0.01822123789940894
2021-05-13,0.0037820692451375803
2021-05-14,0.015278312835835063
2021-05-17,0.0024299294100188287
2021-05-18,-0.010436388601415285
2021-05-19,-0.01123647110774933
2021-05-20,0.003556476821899744
2021-05-21,0.005682207052397297
2021-05-24,0.012088585918398304
2021-05-25,-0.005375080210810971
2021-05-26,0.003066180345944247
2021-05-27,0.010046223696870252
2021-05-28,0.0012186659809107461
2021-06-01,0.008680079643949358
2021-06-02,-0.0005370732377191308
2021-06-03,-0.004504204618443942
2021-06-04,0.009098782604223426
2021-06-07,-0.0044785421349683744
2021-06-08,0.002243364152207604
2021-06-09,-0.0073540638547980285
2021-06-10,-0.003287846468664267
2021-06-11,0.0035510593064995858
2021-06-14,-0.004591966504362891
2021-06-15,-0.0024761983666950287
2021-06-16,-0.005104879507632348
2021-06-17,-0.01581918717074107
2021-06-18,-0.009142586827275425
2021-06-21,0.014128796798266199
2021-06-22,0.003891793734087423
2021-06-23,0.0028972394376659116
2021-06-24,0.007818440261384566
2021-06-25,0.0009613492675680888
2021-06-28,0.0016010254567042667
2021-06-29,-0.0001652642796289155
2021-06-30,0.005250825717786639
2021-07-01,0.005634916879025098
2021-07-02,0.003568448370890176
2021-07-06,-0.012512240622349834
2021-07-07,-0.0036388485685347493
2021-07-08,-0.007454822753312088
2021-07-09,0.014307237398013917
2021-07-12,0.007352863898144739
2021-07-13,-0.0064944961144977244
2021-07-14,-0.006890651825482304
2021-07-15,-0.0040740557356227945
2021-07-16,-0.008145718699397154
2021-07-19,-0.018645866897600172
2021-07-20,0.01860219229442523
2021-07-21,0.01369115554355079
2021-07-22,0.0008758881200807812
2021-07-23,0.008833868938156783
2021-07-26,0.0035350483412450047
2021-07-27,-0.007764927695157894
2021-07-28,0.0036818669357582723
2021-07-29,0.00724986260796854
2021-07-30,-0.007570900574476841
2021-08-02,-0.0004355909399463534
2021-08-03,0.003796236959547121
2021-08-04,-0.0032012564882849476
2021-08-05,0.005155512975029066
2021-08-06,0.0006574822604073177
2021-08-09,-0.0014802723355292393
2021-08-10,0.008984554081588316
2021-08-11,0.0082068574346655
2021-08-12,0.0009486073983619599
2021-08-13,-0.0032830348623461834
2021-08-16,-0.0032046232203788894
2021-08-17,-0.0096012621521669
2021-08-18,-0.009269850051606864
2021-08-19,-0.004754911246996131
2021-08-20,0.0036124760415655243
2021-08-23,0.01775425168745666
2021-08-24,0.008512291847859654
2021-08-25,0.007479984512771728
2021-08-26,-0.003973441360439249
2021-08-27,0.011876343334846435
2021-08-30,0.002175459270697437
2021-08-31,-0.0017313723947594436
2021-09-01,-0.0018261610942905222
2021-09-02,0.008532918186376274
2021-09-03,-0.0010451866548157234
2021-09-07,-0.0063349458880894455
2021-09-08,-0.004739588151320384
2021-09-09,-0.00026885277789848443
2021-09-10,0.0006062166929792126
2021-09-13,0.008832582271747831
2021-09-14,-0.007651273415710671
2021-09-15,0.017426601041612824
2021-09-16,-0.005428954374115673
2021-09-17,-0.008615207626184559
2021-09-20,-0.028060532253277665
2021-09-21,0.0015347655160089053
2021-09-22,0.01693241703467645
2021-09-23,0.021269665618156068
2021-09-24,0.003670330899879173
2021-09-27,0.015779038379874814
2021-09-28,-0.013160332164583531
2021-09-29,-0.0023480578280139193
2021-09-30,-0.007725967645479948
2021-10-01,0.016060168489928486
2021-10-04,-0.003149500736623933
2021-10-05,0.014231895354105191
2021-10-06,-0.002992713170370252
2021-10-07,0.009760806176047037
2021-10-08,0.005119507786561575
2021-10-11,-0.006897512699392224
2021-10-12,0.0010376434024025505
2021-10-13,0.001921782575296843
2021-10-14,0.01422444424639014
2021-10-15,0.00846491817297926
2021-10-18,0.0045603167051904035
2021-10-19,0.006514246634552889
2021-10-20,0.0073532465424770155
2021-10-21,-0.0038353159139513735
2021-10-22,0.003527392339938002
2021-10-25,0.014502939658687772
2021-10-26,0.001818326641466787
2021-10-27,-0.014424943048110168
2021-10-28,0.008567589039962471
2021-10-29,0.0019436196663720992
2021-11-01,0.00904655350052005
2021-11-02,-0.0002367138764824831
2021-11-03,-0.003200623753817257
2021-11-04,0.01281338328603884
2021-11-05,0.0044716753299293924
2021-11-08,0.005040421052296135
2021-11-09,-0.006125478633843788
2021-11-10,-0.013897210278589861
2021-11-11,0.0062256396822474545
2021-11-12,0.00454494070359107
2021-11-15,0.00019116782556709722
2021-11-16,0.00696509930519597
2021-11-17,-0.008934201172033142
2021-11-18,0.006361358446927036
2021-11-19,-0.00783778738658894
2021-11-22,0.0026649301732784274
2021-11-23,0.010872066451410901
2021-11-24,0.007235132876120522
2021-11-26,-0.037823158818489765
2021-11-29,0.01101292308385088
2021-11-30,-0.019602705077773574
2021-12-01,-0.01623116461310921
2021-12-02,0.015091343832104923
2021-12-03,-0.01757520541427015
2021-12-06,0.009374463715363
2021-12-07,0.028290818076176345
2021-12-08,0.004341122157233411
2021-12-09,-0.015092691673753766
2021-12-10,0.006718887159023076
2021-12-13,-0.019488255371716525
2021-12-14,-0.005559526357724089
2021-12-15,0.01354773220483282
2021-12-16,-0.00901752094619032
2021-12-17,-0.012917710095858813
2021-12-20,-0.017446742024919634
2021-12-21,0.02635091088354389
2021-12-22,0.012026664557390872
2021-12-23,0.007493585882513837
2021-12-27,0.017877493751815285
2021-12-28,-0.004541368429052732
2021-12-29,-0.0010297404334570174
2021-12-30,-0.005489814738208244
2021-12-31,-0.0035149590224506557
2022-01-03,0.01794754502495021
2022-01-04,0.007239801871712639
2022-01-05,-0.018566933639325028
2022-01-06,0.00726784035816804
2022-01-07,0.00044367404804486753
2022-01-10,-0.0021570447009547885
2022-01-11,0.015502878451634207
2022-01-12,0.004815862943685378
2022-01-13,-0.011059393658487677
2022-01-14,0.009129225155836293
2022-01-18,-0.004618006537646325
2022-01-19,-0.0064992184916553295
2022-01-20,-0.00878521653195984
2022-01-21,-0.010758748905648798
2022-01-24,0.0021740527402666007
2022-01-25,0.0058732799239342446
2022-01-26,-0.0020185321971335295
2022-01-27,-0.0015447444317183757
2022-01-28,0.01956594033340507
2022-01-31,0.01035955515237278
2022-02-01,0.009003336838203457
2022-02-02,0.01180017593425269
2022-02-03,-0.008736929882756286
2022-02-04,0.005380482756736445
2022-02-07,0.0025463223633419322
2022-02-08,-0.006455697600628121
2022-02-09,0.013482231213345148
2022-02-10,-0.014198776706594952
2022-02-11,0.002063336287731056
2022-02-14,-0.009505754993179984
2022-02-15,-0.002290311796758064
2022-02-16,0.0030032345599415393
2022-02-17,-0.007432216885621293
2022-02-18,-0.003376067702109292
2022-02-22,-0.0033574030256947078
2022-02-23,-0.0034854983874322634
2022-02-24,0.0029823644025332857
2022-02-25,0.019027972060796046
2022-02-28,0.003366705358497109
2022-03-01,0.0031334646936615543
2022-03-02,0.009985706120060287
2022-03-03,0.0035594870493693863
2022-03-04,0.009588447119862384
2022-03-07,-0.0022156478501260276
2022-03-08,-0.0019151868605111683
2022-03-09,-0.0068311395356049544
2022-03-10,0.0029921216937488265
2022-03-11,-0.004007477918009737
2022-03-14,-0.00837346959159096
2022-03-15,-0.0018759250061746856
2022-03-16,0.0022573650141641598
2022-03-17,0.014001681438669237
2022-03-18,0.0032513417489077683
2022-03-21,0.0069087171373495935
2022-03-22,0.000660857574860036
2022-03-23,0.0026611230322840258
2022-03-24,0.001631598038698385
2022-03-25,0.007171379608986278
2022-03-28,-0.006433004206966301
2022-03-29,0.00456357355016893
2022-03-30,0.0024699044665989858
2022-03-31,-0.007191960931889511
2022-04-01,0.00674686752908284
2022-04-04,0.0019733135223214135
2022-04-05,-0.005770703795975186
2022-04-06,0.005421177803936503
2022-04-07,0.006473695980020242
2022-04-08,0.011085456256458657
2022-04-11,-0.02027030250781057
2022-04-12,0.007625592745824734
2022-04-13,0.010623445764973493
2022-04-14,-0.0012872658721953699
2022-04-18,0.004166940230489014
2022-04-19,0.0012999046450684892
2022-04-20,0.008634043515739905
2022-04-21,-0.014538835947251933
2022-04-22,-0.024842953595153573
2022-04-25,-0.009276759755905351
2022-04-26,-0.0064751948267334
2022-04-27,0.002581384889627584
2022-04-28,0.020896001747127465
2022-04-29,-0.0293513020400616
2022-05-02,-0.0011439026117000231
2022-05-03,0.0037988036001325148
2022-05-04,0.015934382058080038
2022-05-05,-0.01212469267103529
2022-05-06,0.0029195514051397883
2022-05-09,-0.02787916322441711
2022-05-10,-0.004141451233449636
2022-05-11,0.0029421276018022358
2022-05-12,0.0017396208112906804
2022-05-13,0.014209261897272818
2022-05-16,0.0035245396767351316
2022-05-17,0.0023550556487694175
2022-05-18,-0.020639406272087817
2022-05-19,-0.001672715010307346
2022-05-20,0.0016059560339897901
2022-05-23,0.01058498890027854
2022-05-24,0.003888770601436123
2022-05-25,0.004195035227846061
2022-05-26,0.003933666900502383
2022-05-27,0.008746102082063334
2022-05-31,-0.0047495363183604885
2022-06-01,0.0006397358992355745
2022-06-02,0.006188895056389401
2022-06-03,-3.735939123850529e-05
2022-06-06,0.001626990305882825
2022-06-07,0.00902311855759779
2022-06-08,-0.003959086959763526
2022-06-09,-0.010531828530371153
2022-06-10,-0.009713130289121845
2022-06-13,-0.022915043621114645
2022-06-14,-0.0054927329077465725
2022-06-15,-0.0005999296559598549
2022-06-16,-0.015425738094689383
2022-06-17,-0.015004867296265956
2022-06-21,0.013484687361583605
2022-06-22,-0.005336531133684405
2022-06-23,-0.0026725856644989683
2022-06-24,0.01212892672141808
2022-06-27,0.002991162143894167
2022-06-28,0.0013385805607587862
2022-06-29,-0.006897674085815923
2022-06-30,-0.0069921616469846605
2022-07-01,0.007466624176487833
2022-07-05,-0.018554713840512937
2022-07-06,-0.002328699191368827
2022-07-07,0.009684715202503594
2022-07-08,0.0015097679291488364
2022-07-11,-0.0008214837442170331
2022-07-12,-0.008938619020983814
2022-07-13,-0.0019357747923006232
2022-07-14,-0.0016293479421770364
2022-07-15,0.007420851316390101
2022-07-18,-0.0009919989300301033
2022-07-19,0.0075703716464578606
2022-07-20,-0.003693690834327669
2022-07-21,-0.002059778102108404
2022-07-22,0.0009689878101936354
2022-07-25,0.009392480289319957
2022-07-26,0.0003994992808233462
2022-07-27,0.00535863919840437
2022-07-28,0.008875588965275516
2022-07-29,0.005794080141377581
2022-08-01,-0.004528591440938545
2022-08-02,-0.0029403993848433215
2022-08-03,-0.0022461274941201637
2022-08-04,-0.007013820783349034
2022-08-05,3.874427822457495e-05
2022-08-08,0.002222580728716643
2022-08-09,0.004615952172221985
2022-08-10,0.003814465174158112
2022-08-11,0.004185166646172003
2022-08-12,0.005197136166858891
2022-08-15,-0.00023565762023501917
2022-08-16,6.044554582852745e-05
2022-08-17,0.0018819579681191607
2022-08-18,0.005533218031686324
2022-08-19,0.0010487816842426993
2022-08-22,-0.0027320384674654353
2022-08-23,0.0022321954903397265
2022-08-24,0.003735192665181146
2022-08-25,0.0017637242360378591
2022-08-26,-0.00795432943723645
2022-08-29,0.0028096544727389747
2022-08-30,-0.011058420788547386
2022-08-31,-0.006148527921524723
2022-09-01,0.00010352160052148375
2022-09-02,0.0001617968768985456
2022-09-06,-0.0022846965587462603
2022-09-07,0.001734164253076459
2022-09-08,0.0006305420773596304
2022-09-09,0.008390689473622703
2022-09-12,0.00570380604159218
2022-09-13,-0.011285889499539542
2022-09-14,0.005034664640218844
2022-09-15,-0.011025672277443666
2022-09-16,-0.0030942658962326624
2022-09-19,0.000259869287514889
2022-09-20,-0.004285551258475284
2022-09-21,-0.0066545757488033
2022-09-22,0.002220370737853213
2022-09-23,-0.014856575904106528
2022-09-26,-0.009944695211069816
2022-09-27,-0.0016950503881913955
2022-09-28,0.014932157229847066
2022-09-29,-0.009983687952578459
2022-09-30,-0.008439465067177266
2022-10-03,0.015379398452122241
2022-10-04,0.012362547825382993
2022-10-05,0.001011893183219027
2022-10-06,-0.0037086262706074926
2022-10-07,-0.005457141730215937
2022-10-10,-0.004303001773942209
2022-10-11,-0.0023665508496103355
2022-10-12,-0.004812659516422789
2022-10-13,0.012692537731637558
2022-10-14,-0.00781862546708277
2022-10-17,0.00495818058621821
2022-10-18,0.002964230429424822
2022-10-19,0.00013907165419684768
2022-10-20,-0.003395582837937805
2022-10-21,0.00896099712878027
2022-10-24,0.0035427180994162407
2022-10-25,0.0040734460247343965
2022-10-26,0.004531928972450378
2022-10-27,0.0016456131308465183
2022-10-28,0.004309928510730658
2022-10-31,-0.0008453245184274927
2022-11-01,0.003585933139628905
2022-11-02,-0.004128827217888072
2022-11-03,0.0025261707219317335
2022-11-04,0.005101868942889802
2022-11-07,0.0023657604910558446
2022-11-08,0.0005403433611137549
2022-11-09,-0.010778637859486243
2022-11-10,0.008686148621198266
2022-11-11,0.0002730581729515104
2022-11-14,-0.0031436524803104644
2022-11-15,0.0023869868439069324
2022-11-16,-0.0016045243007175468
2022-11-17,-0.0007810899752578046
2022-11-18,0.001592165002150615
2022-11-21,-0.001963375986923063
2022-11-22,0.005901205476570681
2022-11-23,-0.0011955293311680958
2022-11-25,0.00039119909482007373
2022-11-28,-0.005188191901522253
2022-11-29,0.001847819198896014
2022-11-30,0.009351758983228216
2022-12-01,-0.0024056706842534724
2022-12-02,-0.003587824085140784
2022-12-05,-0.016408571275010168
2022-12-06,-0.007939801037400322
2022-12-07,-0.0008346461258385619
2022-12-08,0.0017918672112438069
2022-12-09,-0.01012367217542011
2022-12-12,0.018424847770697157
2022-12-13,0.006145281770899069
2022-12-14,0.0005555867841695677
2022-12-15,-0.012038047654717231
2022-12-16,-0.011029817668468075
2022-12-19,-0.008746285395299713
2022-12-20,0.004414116080738216
2022-12-21,0.014625731116458115
2022-12-22,-0.009761641094660494
2022-12-23,0.015393280240032786
2022-12-27,0.006535649269091689
2022-12-28,-0.012547258426261575
2022-12-29,0.0051663331752856995
2022-12-30,-0.0004939311473308796
2023-01-03,-0.01420401087590282
2023-01-04,-0.0029752669583021003
2023-01-05,0.002842889916601298
2023-01-06,0.004143933384446225
2023-01-09,-0.0022464661296933536
2023-01-10,0.002164575163920497
2023-01-11,0.003665006096589719
2023-01-12,0.004086003645471506
2023-01-13,0.0016451710638323443
2023-01-17,0.0011444290696372857
2023-01-18,-0.005825368804640201
2023-01-19,0.0030848068961026208
2023-01-20,0.0024235434430932706
2023-01-23,-0.000489287039103435
2023-01-24,0.000121472299433325
2023-01-25,-0.0005509658357502444
2023-01-26,0.008019017332571553
2023-01-27,-0.0073154813931682605
2023-01-30,-0.006389983013600926
2023-01-31,0.004329831396612405
2023-02-01,-0.00564035085871777
2023-02-02,-0.01656685138017492
2023-02-03,-0.010003353612070748
2023-02-06,-0.001316362970074024
2023-02-07,0.015544661359317698
2023-02-08,-0.0030138301627213398
2023-02-09,-0.007147535855849869
2023-02-10,0.01738991161734897
2023-02-13,-0.0003818714596511202
2023-02-14,-0.0009334219764778134
2023-02-15,-0.011969942280732664
2023-02-16,-0.00720610029186148
2023-02-17,-0.009306141869149302
2023-02-21,-0.005089159819042908
2023-02-22,-0.006698734252728861
2023-02-23,0.006006497846077015
2023-02-24,-0.006007464522610127
2023-02-27,0.0002508012238121764
2023-02-28,-0.004804607548415917
2023-03-01,0.010049948432495896
2023-03-02,0.003779435041371474
2023-03-03,0.01044872117964202
2023-03-06,-0.0004413464816014597
2023-03-07,-0.01371259069889034
2023-03-08,-0.0035792964255192154
2023-03-09,-0.009194217437431953
2023-03-10,-0.005577306500862243
2023-03-13,-0.006241901328837246
2023-03-14,0.00286572600376824
2023-03-15,-0.025871836458484405
2023-03-16,0.005578901327686239
2023-03-17,-0.008751317837079874
2023-03-20,0.007506724362223679
2023-03-21,0.013957344959029538
2023-03-22,-0.010210066277403158
2023-03-23,-0.004923534395087135
2023-03-24,0.0038062637810364064
2023-03-27,0.01166284079217704
2023-03-28,0.007035471840948676
2023-03-29,0.005708476433401088
2023-03-30,0.004365309798760103
2023-03-31,0.0069844394809573905
2023-04-03,0.01958613497597844
2023-04-04,-0.0004034408559088019
2023-04-05,0.0052092889430100375
2023-04-06,-0.005392421501801019
2023-04-10,-7.798000061413486e-05
2023-04-11,0.003579139404634521
2023-04-12,0.001998916642442619
2023-04-13,0.005927322012758448
2023-04-14,-0.003206292551202125
2023-04-17,-0.004795554980884661
2023-04-18,0.002194644429899334
2023-04-19,-0.0017876928861640174
2023-04-20,-0.0010920886054693643
2023-04-21,-0.002007658112678516
2023-04-24,0.00529292403729934
2023-04-25,-0.00415141328556793
2023-04-26,-0.006454989441493572
2023-04-27,0.003535569886047407
2023-04-28,0.005193043182214571
2023-05-01,-0.004042038513050998
2023-05-02,-0.013820331261910158
2023-05-03,-0.002095782650836965
2023-05-04,-0.0037164126642301298
2023-05-05,0.013342596462165086
2023-05-08,0.0007809122298679221
2023-05-09,-0.0015399851876606071
2023-05-10,-0.0009526978816034981
2023-05-11,-0.007064739235741754
2023-05-12,-0.0007016230032239959
2023-05-15,0.004783017175390661
2023-05-16,-0.011815555462077913
2023-05-17,0.009103015891513166
2023-05-18,0.0027729858139084393
2023-05-19,0.006037460795874388
2023-05-22,-0.0033695406551047034
2023-05-23,-0.002834618192757048
2023-05-24,-0.004452162567545573
2023-05-25,0.00045953060204913655
2023-05-26,0.0074728294713571515
2023-05-30,-0.0024693702705799875
2023-05-31,-0.008830146841746132
2023-06-01,0.0115387298224855
2023-06-02,0.007278553278872661
2023-06-05,-0.0011223028869363715
2023-06-06,0.0027547047881847655
2023-06-07,-0.0030274693512821124
2023-06-08,0.007287040404887834
2023-06-09,-0.0004535938385978169
2023-06-12,0.00745542635495402
2023-06-13,0.0033255323427724523
2023-06-14,0.0012784659743289156
2023-06-15,0.012227946782310027
2023-06-16,-0.005544886191862895
2023-06-20,-0.009684108247212237
2023-06-21,-0.003316807938158757
2023-06-22,-0.000726975911647365
2023-06-23,-0.004527763057948692
2023-06-26,-0.00036940888800269926
2023-06-27,0.010613134644000518
2023-06-28,0.0008245572713807879
2023-06-29,0.0027278074903622856
2023-06-30,0.009850653927712382
2023-07-03,-0.00020847095678522265
2023-07-05,-0.0015474429182411732
2023-07-06,-0.009110829571777045
2023-07-07,-0.0006133865396839716
2023-07-10,0.0055383919583178115
2023-07-11,0.008783831819163883
2023-07-12,0.009172989459094049
2023-07-13,0.011253730885950759
2023-07-14,-0.003988553802053531
2023-07-17,0.006858846190257756
2023-07-18,0.009410630032187704
2023-07-19,0.00045977964859711255
2023-07-20,-0.02132979759652283
2023-07-21,-0.0051714126893321055
2023-07-24,0.0033534379873010915
2023-07-25,0.004374586268965431
2023-07-26,-0.0002860976389452495
2023-07-27,-0.003475190805254213
2023-07-28,0.01480593883527001
2023-07-31,0.003597972702479214
2023-08-01,-0.0007845292456018448
2023-08-02,-0.0193964669540612
2023-08-03,-0.0005693918509637339
2023-08-04,-0.004291530495472404
2023-08-07,0.009505438473580024
2023-08-08,-0.004029275771622184
2023-08-09,-0.007742477526458654
2023-08-10,-0.0003856562049275481
2023-08-11,-0.0025147762660614687
2023-08-14,0.009856996264767597
2023-08-15,-0.012046617275912832
2023-08-16,-0.00964578198137097
2023-08-17,-0.0057186865975821025
2023-08-18,0.0016211087007734742
2023-08-21,0.011072761681663231
2023-08-22,-0.0037038687558053826
2023-08-23,0.013466149870547969
2023-08-24,-0.016648203764364915
2023-08-25,0.005988327120922501
2023-08-28,0.009180242648319355
2023-08-29,0.016363738342643947
2023-08-30,0.004823602767317766
2023-08-31,0.0021326195749174688
2023-09-01,0.001274013197533481
2023-09-05,-0.0038810831609140954
2023-09-06,-0.006127077448891792
2023-09-07,-0.0068822007936603855
2023-09-08,-0.0010135257224316322
2023-09-11,0.006525791849129555
2023-09-12,-0.010093966716112537
2023-09-13,-0.0022411263800223113
2023-09-14,0.009170250027201012
2023-09-15,-0.01204550919002213
2023-09-18,-0.0015265929455450147
2023-09-19,-0.0009951994755675625
2023-09-20,-0.011399634595387736
2023-09-21,-0.01593076517743075
2023-09-22,0.0010886210981300229
2023-09-25,0.003007798429678318
2023-09-26,-0.014324055527600126
2023-09-27,0.0025468156444085565
2023-09-28,0.007986506675041723
2023-09-29,-0.0016495922930167646
2023-10-02,0.000779571424602765
2023-10-03,-0.012570906762089218
2023-10-04,-0.00044954163158855416
2023-10-05,0.0007114245626052354
2023-10-06,0.015210929748858576
2023-10-09,0.010840426929577525
2023-10-10,0.003826909475142587
2023-10-11,0.0031157349107995584
2023-10-12,-0.0025587833732136633
2023-10-13,-0.006297110328302357
2023-10-16,0.010956698296341022
2023-10-17,-0.00195265819758772
2023-10-18,-0.010783444089407563
2023-10-19,0.003143831413556655
2023-10-20,-0.01278567878127766
2023-10-23,0.0012415695319547432
2023-10-24,0.00493695884401358
2023-10-25,-0.017863957712970776
2023-10-26,-0.015898241853258964
2023-10-27,-0.005063858492926217
2023-10-30,0.012597400545925909
2023-10-31,0.0038089172510342465
2023-11-01,0.012342268976115603
2023-11-02,0.008420524218085637
2023-11-03,0.0075106889591710115
2023-11-06,5.3356506628094574e-05
2023-11-07,0.0018173434288740382
2023-11-08,0.0005514688368376583
2023-11-09,0.00012616378623943949
2023-11-10,0.009177317901364166
2023-11-13,-0.0005366341994612029
2023-11-14,0.010406842301031852
2023-11-15,0.0010432035156535831
2023-11-16,0.0024620604533609715
2023-11-17,0.0018437530976437785
2023-11-20,0.005928839076895431
2023-11-21,-0.0016237650110416909
2023-11-22,-0.00023227861544589654
2023-11-24,0.0003508299631257899
2023-11-27,-0.0013301476317580416
2023-11-28,0.0012449502924254466
2023-11-29,-0.0004555506522835171
2023-11-30,-0.0035591865617998998
2023-12-01,0.002761427870576637
2023-12-04,-0.013371601029835006
2023-12-05,0.00057420965673744
2023-12-06,-0.003843609196447121
2023-12-07,0.011957469184975193
2023-12-08,0.003318721412629069
2023-12-11,0.002693125158646537
2023-12-12,0.00637042212036637
2023-12-13,0.014542999860678245
2023-12-14,0.004492528443619334
2023-12-15,0.0008704231395450718
2023-12-18,0.0076304952188310845
2023-12-19,0.006203720101903984
2023-12-20,-0.013254924960413545
2023-12-21,0.011135108443467268
2023-12-22,-0.0012066321041903775
2023-12-26,0.005580309892529464
2023-12-27,0.0016618052319129757
2023-12-28,-0.0016946247624142667
2023-12-29,-0.004216827438840031
2024-01-02,-0.013873623536755825
2024-01-03,-0.013621346994155048
2024-01-04,-0.00276571628250422
2024-01-05,0.003160126430304888
2024-01-08,0.018437706527355796
2024-01-09,-0.002012152709509471
2024-01-10,0.009318739100900832
2024-01-11,-0.0014897763226977387
2024-01-12,-0.0021315946250558366
2024-01-16,-0.0022423439242650832
2024-01-17,-0.006804654105447606
2024-01-18,0.01212700541046046
2024-01-19,0.014347128683240734
2024-01-22,0.0011890771542962032
2024-01-23,0.0029848896461156195
2024-01-24,0.002305328234815143
2024-01-25,-0.0017788873224711876
2024-01-26,-0.0013111297217055632
2024-01-29,0.012362930480185635
2024-01-30,-0.0029383362660093545
2024-01-31,-0.019387051288751372
2024-02-01,0.014798348688397692
2024-02-02,0.028346699025972394
2024-02-05,-0.007721152401369923
2024-02-06,0.0013743469473262535
2024-02-07,0.011367305263685491
2024-02-08,0.0026875632934300116
2024-02-09,0.007585875528503766
2024-02-12,-0.002053755995965579
2024-02-13,-0.015123743403692009
2024-02-14,0.01534691403605716
2024-02-15,0.008741741485572488
2024-02-16,-0.009061250929791332
2024-02-20,-0.009046512437255759
2024-02-21,-0.0007184073078902757
2024-02-22,0.027703971189413902
2024-02-23,-0.002281088716429147
2024-02-26,-0.0006736949013381663
2024-02-27,0.003323744117274119
2024-02-28,-0.0012799964476201478
2024-02-29,0.007872726618821126
2024-03-01,0.010695523823577774
2024-03-04,-0.007079586927621771
2024-03-05,-0.013670228091145232
2024-03-06,0.0033637308015787527
2024-03-07,0.01458519181939745
2024-03-08,-0.009044116752543317
2024-03-11,-0.005175485548678617
2024-03-12,0.014189306493492777
2024-03-13,-0.0050418777449580034
2024-03-14,-0.0067703572812869515
2024-03-15,-0.007926389808405009
2024-03-18,0.010159494307326152
2024-03-19,0.0044388626483076905
2024-03-20,0.013350339034885233
2024-03-21,0.0035730473589161123
2024-03-22,-0.0009058517309730313
2024-03-25,-0.003945570538756211
2024-03-26,-0.0023534224826599797
2024-03-27,0.007206898133840178
2024-03-28,-0.0033216612317237782
2024-04-01,-0.000552496784773507
2024-04-02,-0.009183891371875403
2024-04-03,0.003492150844650575
2024-04-04,-0.01162047105564878
2024-04-05,0.008806925914777924
2024-04-08,0.0039046250053380994
2024-04-09,0.0009625307123646134
2024-04-10,-0.010907130853657515
2024-04-11,0.009520358415827433
2024-04-12,-0.016641451465611273
2024-04-15,-0.016502136686042466
2024-04-16,-0.0036868175316346076
2024-04-17,-0.006765656279055642
2024-04-18,-0.002584305700332036
2024-04-19,-0.013660476545676084
2024-04-22,0.006255648193269084
2024-04-23,0.014507229933067023
2024-04-24,0.007184855672691249
2024-04-25,-0.010032906851313094
2024-04-26,0.012609146417692407
2024-04-29,0.009538480418043602
2024-04-30,-0.019309102554150716
2024-05-01,-0.003336229502074528
2024-05-02,0.008700866991830406
2024-05-03,0.013346391221205008
2024-05-06,0.01464602080378721
2024-05-07,-0.0016191364301331595
2024-05-08,0.0005557423662539543
2024-05-09,0.0033122408595473367
2024-05-10,0.0017707422556351882
2024-05-13,-0.0007016984209581858
2024-05-14,0.0064523597998174115
2024-05-15,0.010913192904149776
2024-05-16,-0.0029199102900925463
2024-05-17,0.001303282202048625
2024-05-20,0.0008331560168944514
2024-05-21,0.003940325061176469
2024-05-22,-0.0018510422377902068
2024-05-23,-0.006910581262020908
2024-05-24,0.011086768966227255
2024-05-28,-0.0007137592934388648
2024-05-29,-0.007516242373762631
2024-05-30,-0.004858763221969698
2024-05-31,0.0076737272023961346
2024-06-03,0.0005401828160717628
2024-06-04,-9.965698876397561e-05
2024-06-05,0.014608114619399568
2024-06-06,-0.0018287561171477034
2024-06-07,-8.21194152639818e-06
2024-06-10,0.0012225200609399006
2024-06-11,-5.26697695224439e-05
2024-06-12,0.009912857233513307
2024-06-13,0.0010841150874843497
2024-06-14,-0.001673128088720796
2024-06-17,0.011015220249431273
2024-06-18,0.0018650525976613053
2024-06-20,-0.002645122181928308
2024-06-21,-0.002157052727648587
2024-06-24,-0.006955216703478784
2024-06-25,0.00873214262324733
2024-06-26,0.0006446557114606955
2024-06-27,0.0012241872000348262
2024-06-28,-0.0027823717648434035
2024-07-01,0.0022744630514310426
2024-07-02,0.004543190115309115
2024-07-03,0.008649100103554939
2024-07-05,0.00679963102237057
2024-07-08,-0.001281888652543689
2024-07-09,0.004159760362046216
2024-07-10,0.008077860278494895
2024-07-11,-0.006976366585067839
2024-07-12,0.003112786489983542
2024-07-15,0.005136403089767774
2024-07-16,0.004641483157939656
2024-07-17,-0.02002473360981357
2024-07-18,-0.004392457389667589
2024-07-19,-0.012027830601074936
2024-07-22,0.011241026734240194
2024-07-23,0.0011657288805156636
2024-07-24,-0.026239995786916416
2024-07-25,-0.01105319242598296
2024-07-26,0.012381607850161909
2024-07-29,-0.0005748183398149433
2024-07-30,-0.0067506617487694855
2024-07-31,0.02812066881685599
2024-08-01,-0.01663830628682745
2024-08-02,-0.018711557498112163
2024-08-05,-0.027632386720184338
2024-08-06,0.01082144391217167
2024-08-07,-0.010999272994802842
2024-08-08,0.0302052943244778
2024-08-09,0.007696126715314796
2024-08-12,0.00455565980861111
2024-08-13,0.01786981129139351
2024-08-14,0.003440139993258643
2024-08-15,0.015368476862902946
2024-08-16,0.007389418634857664
2024-08-19,0.009493488490593742
2024-08-20,-0.0008431854129612767
2024-08-21,0.0020754073206991114
2024-08-22,-0.01059691765774486
2024-08-23,0.01266042286812441
2024-08-26,-0.00409958175289441
2024-08-27,0.00396447848132971
2024-08-28,-0.007645200885617374
2024-08-29,-0.0034126650358658915
2024-08-30,0.008435185772785991
2024-09-03,-0.02417677944552639
2024-09-04,-0.002126769210415873
2024-09-05,-0.001992883779845293
2024-09-06,-0.02241934542794085
2024-09-09,0.011926156913591139
2024-09-10,0.004892048569975698
2024-09-11,0.015354612260253038
2024-09-12,0.013654543709301609
2024-09-13,0.006180546201750331
2024-09-16,0.0020900737476872186
2024-09-17,-0.0023822161212856117
2024-09-18,-0.005676631338441488
2024-09-19,0.019167316708778217
2024-09-20,0.0021839309071017606
2024-09-23,-0.0007104182344417051
2024-09-24,0.0065041242237865084
2024-09-25,-0.0003318130573880223
2024-09-26,0.006303258998977987
2024-09-27,-0.006086816253262866
2024-09-30,0.0010697077990138846
2024-10-01,-0.007276777158683424
2024-10-02,0.0029655977211635555
2024-10-03,0.0016587697979464921
2024-10-04,0.006281218928169788
2024-10-07,-0.00860906006324489
2024-10-08,0.008872933286153302
2024-10-09,0.0011558600099138379
2024-10-10,-0.00046346539622749416
2024-10-11,0.006057375599769001
2024-10-14,0.007398085803713907
2024-10-15,-0.007463186065967608
2024-10-16,0.007774126394943737
2024-10-17,0.0008456360941689957
2024-10-18,0.0057969402158732026
2024-10-21,0.0007350328497073331
2024-10-22,0.001576965732261232
2024-10-23,-0.008542463415977919
2024-10-24,0.0006377643649490797
2024-10-25,-0.00010995210893403602
2024-10-28,0.0024842894139391032
2024-10-29,0.005441741666873004
2024-10-30,-0.0059704965901221565
2024-10-31,-0.01507893056555978
2024-11-01,-0.0030847261247729284
2024-11-04,-0.003363390122906019
2024-11-05,0.011363811735831548
2024-11-06,0.021831767004072182
2024-11-07,0.00515869211868738
2024-11-08,0.0033999608784753732
2024-11-11,-0.0011619555678292963
2024-11-12,-0.003856204618228945
2024-11-13,-0.0033382108393111036
2024-11-14,-0.007264723603496302
2024-11-15,-0.010577538900369254
2024-11-18,0.0048242193583188904
2024-11-19,0.004236349839872228
2024-11-20,0.0027537228751478055
2024-11-21,0.006836808285009139
2024-11-22,0.005964354430540186
2024-11-25,-0.003897059364899015
2024-11-26,0.004444747070214344
2024-11-27,-0.0018007361156878701
2024-11-29,0.006801259812116125
2024-12-02,-0.0020025694260134798
2024-12-03,-0.001332492344121393
2024-12-04,0.004060813811072576
2024-12-05,-0.002078248203147169
2024-12-06,0.0005565535619350944
2024-12-09,-0.014784342819393548
2024-12-10,-0.00235441872158456
2024-12-11,0.00674124482791522
2024-12-12,-0.004275589290795443
2024-12-13,0.008396665518191678
2024-12-16,0.0030493739587231046
2024-12-17,-0.00851556799582345
2024-12-18,-0.02836154274214863
2024-12-19,-0.00010413995829315615
2024-12-20,0.012970449268419662
2024-12-23,0.004392893569562376
2024-12-24,0.009082768748270636
2024-12-26,0.0008855599733525038
2024-12-27,-0.008111034910785523
2024-12-30,-0.00900569551057835
2024-12-31,-0.0030104903254949576
2025-01-02,0.0033105894441330355
2025-01-03,0.007168892601852657
2025-01-06,0.004809292132138524
2025-01-07,-0.01066097946153834
2025-01-08,0.0010729095809298955
2025-01-10,-0.013072105860493422
2025-01-13,9.150670067443751e-05
2025-01-14,0.0012350825007971607
2025-01-15,0.019541356674309573
2025-01-16,-0.00048568368280397763
2025-01-17,0.009726325957573428
2025-01-21,0.010956926996328475
2025-01-22,0.00859037492716269
2025-01-23,0.004300749628786834
2025-01-24,0.0015657403699579366
2025-01-27,-0.015034053390685594
2025-01-28,0.008509911715849942
2025-01-29,-0.0026133451720102476
2025-01-30,0.009925968031750165
2025-01-31,-0.0012512257688677543
2025-02-03,-0.004194454212910979
2025-02-04,0.008751004509645093
2025-02-05,0.004671327736262861
2025-02-06,0.004590897737299605
2025-02-07,-0.006451685647616192
2025-02-10,0.007966666676524662
2025-02-11,-0.0035393339362542755
2025-02-12,0.0002760032467576764
2025-02-13,0.011400642334806756
2025-02-14,-9.87448530954491e-05
2025-02-18,0.001614413744874582
2025-02-19,0.0006643055388554267
2025-02-20,-0.006990791904641542
2025-02-21,-0.01619425192042794
2025-02-24,-0.00303918723827595
2025-02-25,-0.010372482119084214
2025-02-26,0.00367505049044103
2025-02-27,-0.01634310751841478
2025-02-28,0.012975928774645727
2025-03-03,-0.01275247156002985
2025-03-04,-0.010160266048468054
2025-03-05,0.005516457078829273
2025-03-06,-0.023120290159782148
2025-03-07,0.008744419915233025
2025-03-10,-0.016179237462443992
2025-03-11,-0.005219543348923633
2025-03-12,0.0019246231971243033
2025-03-13,-0.0014465825837002844
2025-03-14,0.015365669200592902
2025-03-17,0.007122392157861035
2025-03-18,-0.0026190831603638
2025-03-19,0.007673690482339901
2025-03-20,0.0005053395913528491
2025-03-21,-0.0025656356034122474
2025-03-24,0.0033252847882774272
2025-03-25,0.00163770072605785
2025-03-26,-0.007799775217460759
2025-03-27,-0.0013142319450468603
2025-03-28,-0.011054978431333493
2025-03-31,0.008431347426776037
2025-04-01,0.0009144347431123577
2025-04-02,0.003319052559314252
2025-04-03,-0.021425270370833686
2025-04-04,-0.03177837452051928
2025-04-07,-0.004736842056871901
2025-04-08,-0.002058325903622968
2025-04-09,0.04851739717575729
2025-04-10,-0.005698921829628181
2025-04-11,0.007043821640163678
2025-04-14,0.0036516647934356633
2025-04-15,0.0012689978871413404
2025-04-16,-0.002381203685059896
2025-04-17,0.0018652168410343006
2025-04-21,-0.004582892387897872
2025-04-22,0.009028381673744021
2025-04-23,0.0010190334658266714
2025-04-24,0.005901226532339127
2025-04-25,-0.001546965288053398
2025-04-28,0.0034147877698005313
2025-04-29,0.0019596973739547385
2025-04-30,-0.0012953456240877986
2025-05-01,-0.001616027240780693
2025-05-02,0.005729186702042199
2025-05-05,0.0029112549776654367
2025-05-06,0.0042936559902654325
2025-05-07,-0.001010145120655448
2025-05-08,-0.0021365509432728913
2025-05-09,2.546785429606433e-05
2025-05-12,0.0053398543882485295
2025-05-13,0.008327766111487164
2025-05-14,0.000126741233698365
2025-05-15,0.006187823870021841
2025-05-16,0.001564804525100657
2025-05-19,0.002496454936200155
2025-05-20,0.0012552328880745395
2025-05-21,-0.005393243804128572
2025-05-22,-0.0025306640459452456
2025-05-23,0.0016537568882367514
2025-05-27,0.006817988316426763
2025-05-28,-0.0020312463365894594
2025-05-29,0.002233398632341059
2025-05-30,0.0005667106917194813
2025-06-02,0.006417762293507455
2025-06-03,0.0017333132192996776
2025-06-04,0.002922558176842779
2025-06-05,-0.007190307322570394
2025-06-06,0.003025699879650892
2025-06-09,2.9745136867087617e-05
2025-06-10,0.005234820008249902
2025-06-11,0.0007097919821854785
2025-06-12,0.001096510566877462
2025-06-13,-0.008263803093004975
2025-06-16,0.007514481778954557
2025-06-17,-0.007577376725756008
2025-06-18,-0.00010813755601845883
2025-06-20,-0.0009779184515141717
2025-06-23,0.010279537601097392
2025-06-24,0.008041677969137438
2025-06-25,-0.0004160013722566084
2025-06-26,0.008259383166342407
2025-06-27,0.00415637671250268
2025-06-30,0.006609049125817023
2025-07-01,-0.002688663492149635
2025-07-02,0.00013410551779134857
2025-07-03,0.0057187134975662905
2025-07-07,-0.004778085064169587
2025-07-08,-0.005919680082187226
2025-07-09,0.006059790115393329
2025-07-10,0.0007411868233496183
2025-07-11,-0.0021524898200468265
2025-07-14,0.006295978722505211
2025-07-15,-0.006870433534831692
2025-07-16,0.0038010474131444567
2025-07-17,0.00513451937980172
2025-07-18,-0.0032942903305708854
2025-07-21,0.0061537733445927705
2025-07-22,3.9077374274679166e-05
2025-07-23,0.005198023067607652
2025-07-24,0.0005446196991885795
2025-07-25,0.0005558588947466121
2025-07-28,-0.004370266958239541
2025-07-29,-0.004518425988324792
2025-07-30,-0.0023207621423307267
2025-07-31,-0.0009605089661137516
2025-08-01,-0.006557157536050676
2025-08-04,0.014912392306582648
2025-08-05,-0.006632806382171116
2025-08-06,0.0066368250134535645
2025-08-07,-0.0009140396552183585
2025-08-08,0.006847249318569791
2025-08-11,-0.003354729302936088
2025-08-12,0.012307047580146523
2025-08-13,0.00022606507658026785
2025-08-14,0.0009594377388715545
2025-08-15,-0.003944098855905648
2025-08-18,-0.0007449487163143323
2025-08-19,-0.009144499191076247
2025-08-20,0.000617473064843803
2025-08-21,-0.0025801934840981007
2025-08-22,0.012013142188617737
2025-08-25,-0.001265876482515997
2025-08-26,0.00556525054854933
2025-08-27,0.0025379922016080633
2025-08-28,0.006543682334599449
2025-08-29,-0.00398753230564021
2025-09-02,0.0013614646469594148
2025-09-03,0.006799398682053893
2025-09-04,0.010124077831723411
2025-09-05,0.003656653288744351
2025-09-08,0.0047183377868581814
2025-09-09,0.0008218879782960349
2025-09-10,0.0015082457320656963
2025-09-11,0.007114637573428785
2025-09-12,0.0018172896400843004
2025-09-15,0.008639472245476476
2025-09-16,0.0008455557974762216
2025-09-17,-0.0009030619100853941
2025-09-18,-0.0011036439519110097
2025-09-19,0.005821528700651857
2025-09-22,-0.000738980390128517
2025-09-23,-0.001954971314995603
2025-09-24,-0.0041902377559483745
2025-09-25,-0.004205709056881328
2025-09-26,0.007480448405120446
2025-09-29,0.004791681754364805
2025-09-30,0.0007032726829968428
2025-10-01,-0.0038397896290946172
2025-10-02,-0.00031210129114147395
2025-10-03,0.0012248390222113544
2025-10-06,0.006507098320137787
2025-10-07,0.0010539855066457253
2025-10-08,0.007785001253726545
2025-10-09,-0.006154730671399181
2025-10-10,-0.01975939672543328
2025-10-13,0.02026796987269924
2025-10-14,0.0010462665664744215
2025-10-15,0.007847902310295992
2025-10-16,-0.003509306930096566
2025-10-17,-0.0004319669280888726
2025-10-20,0.01703845290972844
2025-10-21,-0.013215441892920439
2025-10-22,-0.011930319948067772
2025-10-23,0.005147722548052534
2025-10-24,0.005615671810260729
2025-10-27,0.004436578407181774
2025-10-28,-0.0004425493780418387
2025-10-29,-0.0010414571161880964
2025-10-30,-0.0037799722159023944
2025-10-31,0.0007044766771656162
2025-11-03,-0.003750403523886522
2025-11-04,-0.01703452448805239
2025-11-05,0.008426750689596219
2025-11-06,-0.011858020148931961
2025-11-07,0.00011505934541426591
2025-11-10,0.019041008833124512
2025-11-11,0.0009134032034696386
2025-11-12,0.0025433405773370053
2025-11-13,-0.018406461322912942
2025-11-14,-0.006184702861955088
2025-11-17,-0.009203834152516686
2025-11-18,-0.003903955864930067
2025-11-19,0.001718915324180646
2025-11-20,-0.016971086337143844
2025-11-21,0.006245544967480668
2025-11-24,0.021349385192866693
2025-11-25,0.007106060341527855
2025-11-26,0.008972975671273978
2025-11-28,0.009178791891906605
2025-12-01,-0.0027970767123531816
2025-12-02,0.0016967016643612011
2025-12-03,-0.0014686309106803808
2025-12-04,0.003008495748669329
2025-12-05,0.0020437111622250426
2025-12-08,-0.0010687225792645114
2025-12-09,0.0018797188304763846
2025-12-10,0.003981839527483086
2025-12-11,0.0027817085898650634
2025-12-12,-0.009702710916431637
2025-12-15,-0.003872259678346373
2025-12-16,-0.003894989620189691
2025-12-17,-0.009372734490225493
2025-12-18,0.007420439267994489
2025-12-19,0.00907029408158046
2025-12-22,0.007286962110240552
2025-12-23,0.00803672861655213
2025-12-24,0.0015600904644571213
2025-12-26,0.003413830014922971
2025-12-29,-0.012112417248238276
2025-12-30,0.0004616961200132455
2025-12-31,-0.00655580849720204
2026-01-02,0.0031053119066809408
2026-01-05,0.011856718710216827
2026-01-06,0.0077346623421106035
2026-01-07,-0.0033648698720251543
2026-01-08,-0.0028204493296650783
2026-01-09,0.009618358381497003
2026-01-12,0.008273751506874184
2026-01-13,-0.0013318957853830668
2026-01-14,-0.0013801164815585739
2026-01-15,-0.0013180935860992947
2026-01-16,-0.0017615666982815459
2026-01-20,-0.004902186617367396
2026-01-21,0.012373459326726347
2026-01-22,0.007153071803089245
2026-01-23,0.006192467633889131
2026-01-26,0.008755793506800188
2026-01-27,0.010966136875700682
2026-01-28,0.008740620537092094
2026-01-29,0.0037006776597658677
2026-01-30,-0.03208319462814331
2026-02-02,-0.00442857750761071
2026-02-03,0.012060390828567734
2026-02-04,-0.006177170590466924
2026-02-05,-0.01794539457487643
2026-02-06,0.030296959227966
2026-02-09,0.014144957794100708
2026-02-10,-0.0031431337458857054
2026-02-11,0.005249122390846697
2026-02-12,-0.020157582549428163
2026-02-13,0.01087421319385754
2026-02-17,-0.005818272503056915
2026-02-18,0.008725836854273888
2026-02-19,0.0015139024688224172
2026-02-20,0.00997868212460887
2026-02-23,-0.0018699542088124394
2026-02-24,0.003637811744177002
2026-02-25,0.004144405273320266
2026-02-26,-0.0001310590186265905
2026-02-27,0.0014595794429129254
2026-03-02,0.0010364958599601765
2026-03-03,-0.028465815320575346
2026-03-04,0.004934298105883925
2026-03-05,-0.014463367559696672
2026-03-06,-0.0017004297768120845
2026-03-09,0.002825303638994847
2026-03-10,0.0006835939905422708
2026-03-11,0.002371043641913712
2026-03-12,-0.015270705672563462
2026-03-13,-0.008827151257152572
2026-03-16,0.007879193858747522
2026-03-17,0.003799947547158079
2026-03-18,-0.015060043993392795
2026-03-19,-0.012279504439951048
2026-03-20,-0.01975694669206864
2026-03-23,0.005493356120586251
2026-03-24,0.002702436365563347
2026-03-25,0.01234358306312722
2026-03-26,-0.01867496242090629
2026-03-27,0.0061733117644469935
2026-03-30,-0.006288774922303938
2026-03-31,0.02649403069797708
2026-04-01,0.008398669926330031
2026-04-02,-0.0008289863293416545
2026-04-06,0.00301385946795132
2026-04-07,0.003699207794982893
2026-04-08,0.0041451342978591835
2026-04-09,0.0017049699558119896
2026-04-10,-0.001426034926284827
2026-04-13,0.0032268486879506366
2026-04-14,0.005461128204037704
2026-04-15,-0.002218200806848955
2026-04-16,0.0010053642188424822
2026-04-17,0.00030187185883091957
2026-04-20,-0.0006696239347873327
2026-04-21,-0.005325479855481106
2026-04-22,0.006511880333541679
2026-04-23,0.00033104770818223893
2026-04-24,0.008772411230290057
2026-04-27,-0.001018813291696513
2026-04-28,-0.003056673673708239
2026-04-29,0.002744228838678567
2026-04-30,0.010754894340326842
2026-05-01,-0.00254322357216476
2026-05-04,-0.0001881784405699399
2026-05-05,0.007939272283814379
2026-05-06,0.003962349259348784
2026-05-07,-0.0049318377652483045
2026-05-08,0.008509510136471415
2026-05-11,0.015103934041888983
2026-05-12,0.0006305581381417585
2026-05-13,8.978671942560927e-05
2026-05-14,-0.00014338560812027635
2026-05-15,-0.00886007335023754
2026-05-18,0.004834354427753401
2026-05-19,-0.004296015308795393
2026-05-20,0.00162234448611712
2026-05-21,-0.00153498606347309
2026-05-22,-4.3852015013602706e-05
2026-05-26,0.0008203469881893351
2026-05-27,-0.012159515759298127
2026-05-28,0.007725498396534705
2026-05-29,0.0027365986679025733
2026-06-01,0.008646901246131341
2026-06-02,0.00400153600312104
2026-06-03,-0.0020851175114567698
2026-06-04,3.2136117561663846e-05
2026-06-05,-0.03486964692461558
2026-06-08,0.007324233720975601
2026-06-09,-0.012506959624752238
2026-06-10,-0.015544940476482763
2026-06-11,0.013119962159838548
2026-06-12,0.0033563811548865934
2026-06-15,0.008860350328117514
2026-06-16,-0.005326358660508483
2026-06-17,-0.011441989929062766
2026-06-18,0.0013080333008425329
2026-06-22,-0.004950573524135206
2026-06-23,-0.01575840594316657
2026-06-24,-0.017201437347090686
2026-06-25,0.010955958829815367
2026-06-26,-0.006236119260480439
2026-06-29,0.0032722234432449255
2026-06-30,0.004618739954717231
2026-07-01,-0.00641328657837806
2026-07-02,-7.473726535598953e-05
2026-07-06,0.008676694273349805
2026-07-07,-0.008528880300633694
2026-07-08,0.0017935509657131072
2026-07-09,0.003447628545611576
2026-07-10,0.0028901336160454135
2026-07-13,-0.00931098018255131
2026-07-14,0.006992054956848179
2026-07-15,-0.007253568495000109
2026-07-16,-0.00924333960199681
2026-07-17,0.003119830847486893
2026-07-20,-0.0016249041677381087
2026-07-21,0.014825113163687644
2026-07-22,0.001230841274967327
2026-07-23,0.0012612959117756827
2026-07-24,-0.001468627450243856
2026-07-27,-0.005492744716001215
2026-07-28,-0.01497602986050897
2026-07-29,-0.0133989981553437
2026-07-30,0.022769072069595955
2026-07-31,0.0011048527734264636
2026-08-03,0.005955202080032719
2026-08-04,0.010081437933713758
2026-08-05,0.00473064760546014
2026-08-06,0.003544134368950876
2026-08-07,0.004861759323043449
2026-08-10,0.017955682476302946
2026-08-11,0.00285885722682976
2026-08-12,0.008916895050924538
2026-08-13,-0.0025700601123529007
2026-08-14,0.005467806930626992
2026-08-17,0.011328104195947718
2026-08-18,-0.009803786642352003
